102,111,68,9,105,14,98,1,38,8,39,40,6,41,94,123,35,45,21,19,99,52,44,10,15,13,116,2,112,33,121,58,75,96,73,61,55,59,53,12,62,95,60,63,48,104,43,50,86,11,7,90,100,51,115,30,97,18,119,122,74,114,93,47,23,28,87,72,42,88,54,46,124,80,25,103,91,89,3,79,20,92,56,69,24,65,16,78,125,26,70,77,64,29,36,37,113,107,4,67,17,76,110,106,34,57,22,5,109,83,120,27,32,82,101,118,71,108,66,81,31,117,84,49,85
2,68,115,102,123,34,48,4,45,117,27,93,21,39,40,96,54,52,94,44,14,8,9,80,91,77,116,95,75,13,43,122,37,1,53,89,15,12,82,30,33,19,6,111,58,38,35,69,47,10,87,65,88,92,26,55,113,11,104,74,119,105,16,66,41,85,114,90,78,18,108,112,67,59,64,7,61,5,125,36,79,103,109,76,81,3,60,118,110,121,42,98,106,97,28,29,62,72,101,50,124,107,23,51,63,100,120,24,99,83,49,20,32,84,86,70,71,46,73,31,57,22,56,25,17
3,38,68,15,102,39,40,98,4,36,47,117,59,6,115,19,89,14,94,122,45,37,21,111,79,57,77,1,34,80,12,5,65,43,27,100,96,58,30,95,105,52,69,8,93,41,9,87,32,18,92,112,2,108,60,11,67,72,44,91,16,97,28,75,101,10,78,119,13,88,61,123,63,33,62,116,55,74,118,35,110,76,53,103,29,23,104,48,42,7,120,114,109,26,90,85,113,124,86,71,81,64,24,66,20,106,83,82,107,56,99,31,51,84,50,121,54,125,70,49,46,17,73,22,25
4,38,102,111,115,68,15,96,14,123,12,6,2,98,1,75,112,117,19,94,105,30,11,27,9,50,116,59,58,45,35,52,93,8,34,10,53,62,33,88,36,13,60,64,16,29,21,25,3,95,77,90,113,121,103,43,22,57,100,37,119,80,18,74,87,42,65,110,24,91,92,79,41,76,23,82,108,32,97,67,7,86,99,101,106,114,66,5,122,51,55,81,69,26,124,78,44,47,89,20,61,56,120,118,104,109,54,107,71,28,85,83,39,40,84,72,31,63,70,48,73,46,125,49,17
102,68,111,5,38,19,15,3,39,40,59,77,62,46,100,115,123,94,6,12,14,2,32,50,11,98,10,30,16,52,9,27,18,36,33,37,105,122,58,44,28,112,104,117,95,91,1,72,4,92,41,25,93,97,8,101,89,21,57,61,29,60,90,64,88,71,53,96,80,47,22,34,113,99,86,13,119,79,78,51,69,110,75,103,116,42,65,45,43,55,54,35,108,67,82,23,76,120,31,17,109,114,74,118,20,7,26,124,81,63,106,85,24,83,66,87,84,56,107,70,48,121,73,49,125
6,38,36,115,105,19,68,9,98,102,10,58,93,14,1,52,111,123,59,16,79,96,95,21,91,2,117,12,80,18,47,60,39,40,15,87,61,78,11,64,43,44,62,8,77,122,25,3,22,90,42,116,13,88,113,35,86,75,97,112,55,30,114,7,94,26,108,41,23,100,32,85,109,4,119,69,53,65,33,63,28,57,37,118,74,124,103,99,17,89,20,56,67,46,104,120,72,92,73,110,81,51,5,83,34,107,76,82,54,45,50,71,29,106,101,66,27,70,48,31,24,121,84,49,125
7,38,102,111,40,39,89,37,115,18,12,68,80,47,94,1,19,105,62,98,122,8,9,78,6,60,25,15,2,77,58,11,44,10,46,82,65,52,22,59,123,54,43,36,23,90,79,55,33,75,42,91,69,45,41,93,14,114,16,87,32,53,100,28,113,3,67,96,35,81,66,34,124,61,13,95,63,120,4,97,85,108,64,24,20,92,30,119,86,110,17,51,72,116,57,112,118,21,117,26,88,71,56,109,5,29,27,83,74,103,106,107,76,70,104,101,99,84,31,121,73,125,50,48,49
8,14,122,116,52,80,38,43,35,15,53,68,96,72,100,1,90,36,33,18,89,98,60,13,19,7,105,123,2,9,10,25,12,58,97,39,40,87,28,42,111,59,104,27,112,3,55,94,32,62,113,86,124,11,75,6,119,57,37,30,95,20,41,91,76,63,56,23,108,29,77,71,93,120,103,22,81,114,74,67,110,16,102,109,65,47,61,85,82,46,69,44,21,17,4,117,64,5,26,73,66,106,115,99,101,51,78,83,118,24,84,92,54,79,31,107,34,88,70,121,50,48,125,45,49
9,98,102,111,105,14,68,15,96,1,39,40,34,21,52,75,38,13,59,116,33,35,112,41,8,44,94,60,53,117,58,28,6,47,30,10,72,2,55,97,12,95,29,11,103,62,43,115,42,108,19,74,119,99,104,100,37,89,109,25,26,123,91,3,122,4,86,69,93,18,56,90,71,7,114,110,107,88,106,63,16,51,24,54,27,120,92,85,124,5,118,65,36,70,80,76,83,66,64,77,87,20,101,32,84,57,17,73,113,67,31,78,23,61,125,22,79,121,81,45,82,50,46,49,48
102,10,12,89,111,14,93,68,38,43,94,117,15,105,25,98,115,9,45,22,23,52,39,40,34,8,19,104,95,16,96,79,37,2,91,11,41,80,1,27,82,58,6,123,62,59,36,18,92,44,53,4,119,28,7,30,42,75,87,78,69,122,97,47,77,114,33,35,60,108,90,13,26,3,116,64,88,120,118,81,63,32,85,124,103,74,65,29,113,17,101,110,66,109,24,20,99,112,55,83,67,106,72,100,107,5,54,51,71,76,48,61,86,50,31,121,21,56,84,70,57,125,46,73,49
21,38,11,19,115,1,117,123,111,12,15,16,14,94,6,10,25,95,59,39,40,9,22,98,45,113,105,96,34,92,93,30,85,82,52,58,2,102,91,18,8,47,42,26,48,62,35,36,119,80,3,104,120,79,61,23,41,44,33,114,88,78,116,57,60,68,74,43,118,108,81,97,90,75,110,71,7,64,56,13,112,86,53,4,77,103,24,101,65,37,109,83,29,87,124,5,66,106,69,50,17,46,122,51,107,121,32,27,125,63,54,100,49,72,20,55,76,67,99,84,31,70,89,28,73
12,68,14,39,40,11,21,117,38,1,115,47,44,15,45,19,58,96,93,91,102,59,9,22,123,94,25,80,37,85,105,18,16,6,34,111,95,78,69,48,61,10,23,3,82,60,50,113,98,114,52,2,88,8,26,33,104,86,74,65,119,41,81,32,87,57,118,66,124,56,29,49,92,62,120,30,101,64,43,90,79,36,35,7,97,55,77,108,42,75,109,17,110,99,5,54,121,24,51,103,125,76,107,13,122,20,4,83,46,28,106,116,31,53,67,27,63,112,100,84,70,73,89,71,72
13,98,102,68,39,40,75,96,38,1,55,44,89,34,105,9,94,15,33,35,8,111,103,37,12,100,14,25,122,58,116,41,112,6,47,52,115,60,2,90,59,28,19,11,72,71,62,57,53,32,27,93,86,30,10,64,104,42,95,69,119,88,29,108,7,3,87,123,109,80,43,65,56,18,74,63,110,76,113,91,97,114,99,26,77,22,84,124,106,120,20,66,36,107,67,78,82,16,24,17,79,61,51,5,81,118,31,54,4,83,70,45,92,101,117,50,21,73,49,121,125,46,23,85,48
14,21,68,102,9,39,40,96,59,105,45,111,38,52,34,94,117,8,1,15,75,112,33,13,2,35,47,6,100,116,115,30,95,41,10,19,11,61,60,62,53,29,44,55,36,72,12,58,25,42,7,89,18,103,28,119,104,32,123,16,93,69,97,98,4,91,124,26,3,109,88,122,37,63,86,120,24,110,108,85,90,74,17,114,77,71,56,43,80,65,118,106,107,99,57,20,83,113,92,76,54,64,5,66,78,84,67,27,87,31,23,125,79,81,101,70,48,22,50,121,73,82,46,51,49
15,45,59,39,40,38,1,117,47,48,58,12,85,11,34,102,105,50,8,52,98,111,61,115,30,42,9,10,41,44,96,94,19,74,26,23,24,6,33,114,35,16,80,60,81,97,3,18,119,82,75,92,29,118,108,104,90,93,28,110,51,113,91,27,7,56,107,83,14,68,62,25,55,88,57,36,109,87,43,37,123,53,125,95,67,124,64,86,101,69,78,46,49,106,13,5,121,79,112,63,4,2,77,103,65,66,76,72,54,99,17,71,100,20,116,21,31,73,70,84,122,32,89,22,120
16,115,19,122,111,46,102,89,112,12,123,36,95,43,100,68,34,38,55,14,94,11,98,93,28,25,60,9,52,105,22,59,27,30,45,53,10,87,33,8,15,3,6,96,79,13,2,117,71,42,91,1,23,80,48,97,113,4,77,41,18,99,116,57,104,29,119,69,21,118,26,58,62,120,81,7,110,82,35,114,67,64,61,86,90,88,72,78,92,65,17,47,124,108,5,63,83,75,39,40,56,44,20,103,66,32,74,54,109,101,107,106,37,51,85,76,24,50,31,70,84,121,125,49,73
17,18,15,46,115,68,37,58,16,12,39,40,61,102,77,80,60,98,19,44,113,1,11,50,38,89,7,42,10,47,78,22,105,25,122,66,124,82,123,69,93,79,6,8,14,90,36,23,114,118,81,120,85,9,94,91,100,2,43,67,52,59,64,41,32,57,86,104,20,65,62,63,55,92,24,13,96,70,87,75,54,99,30,53,21,33,88,110,83,26,103,5,119,97,35,108,71,51,101,109,112,29,72,34,117,116,74,121,45,125,106,76,28,31,107,27,56,48,73,84,49,111,3,95,4
18,38,39,40,89,58,68,115,8,100,37,57,10,1,25,12,19,111,102,6,44,93,67,52,23,14,94,95,21,43,22,80,122,9,105,79,92,55,2,77,62,59,34,65,69,7,91,47,113,96,87,53,13,78,117,90,60,123,82,61,98,104,15,16,11,71,41,45,3,28,30,85,29,56,4,32,66,103,119,74,27,88,42,33,116,72,86,63,20,124,120,118,114,112,97,35,110,81,75,109,64,5,17,24,101,26,108,76,83,106,107,31,51,54,99,36,70,46,73,125,84,121,50,49,48
19,111,115,16,36,89,9,95,52,1,6,57,93,10,59,55,94,105,102,14,96,22,11,23,18,91,43,77,79,58,100,8,68,2,4,12,60,3,15,42,39,40,30,38,80,113,122,41,13,75,29,82,62,25,119,98,92,78,28,90,87,97,7,45,120,27,71,53,112,44,64,88,114,81,72,48,17,104,86,63,34,118,74,66,67,123,37,110,103,24,61,124,50,26,35,116,65,83,5,32,109,56,20,108,101,99,117,46,33,106,76,69,21,107,31,70,84,47,85,54,51,121,125,73,49
20,46,58,8,89,111,9,13,122,14,10,68,18,95,105,55,100,91,57,50,112,38,94,15,115,25,39,40,77,123,96,44,61,2,22,37,12,33,59,103,75,48,16,113,102,1,69,98,41,19,7,52,6,11,32,62,35,67,34,54,4,120,92,23,26,45,82,93,85,88,74,99,65,80,21,47,36,43,97,121,24,3,42,119,81,78,116,110,72,63,118,60,66,28,124,109,70,17,64,53,30,56,79,90,114,87,71,108,83,86,104,5,73,51,117,107,101,76,27,31,106,29,125,84,49
21,38,98,111,15,105,14,1,32,60,9,94,102,115,8,52,77,6,12,59,44,100,41,43,10,11,68,2,93,58,95,65,3,90,62,61,91,45,39,40,86,42,25,104,7,88,80,119,47,75,114,64,33,87,57,120,113,22,30,54,92,108,46,18,70,4,74,23,56,117,110,24,121,37,101,51,63,29,73,16,85,82,28,67,49,50,53,125,83,72,106,36,5,17,66,78,124,76,20,118,48,31,79,97,55,109,123,81,107,71,13,35,112,69,26,96,84,116,89,103,19,99,122,27,34
22,25,15,38,12,111,115,11,14,102,19,105,33,123,23,98,24,113,59,93,9,94,10,34,95,68,52,35,16,1,2,82,18,21,30,80,91,6,26,3,58,114,120,96,117,62,110,81,116,60,57,90,42,92,108,104,43,41,88,78,4,45,39,40,83,7,37,77,87,119,64,86,85,61,36,29,118,46,13,47,53,75,79,124,5,97,103,17,8,54,100,32,107,63,65,74,66,73,112,101,44,51,20,106,55,89,67,76,71,109,72,56,27,122,31,99,84,70,69,28,121,50,125,48,49
23,38,15,25,47,111,14,98,115,12,59,123,105,11,33,94,19,102,35,22,93,95,9,1,10,3,80,16,18,52,30,58,24,91,68,2,96,29,57,60,113,6,13,110,41,75,90,37,62,77,114,92,43,120,20,4,82,78,21,88,108,87,119,45,74,103,8,7,42,117,36,79,64,54,109,86,73,85,70,39,40,53,63,83,97,122,44,5,124,72,46,65,51,28,101,17,76,100,66,106,112,118,107,56,55,121,32,67,71,81,31,125,89,116,50,26,84,34,104,27,99,49,61,69,48
68,24,38,14,111,102,33,105,115,96,112,13,75,9,94,21,98,100,52,93,123,15,25,35,11,95,22,59,10,41,2,19,53,72,12,55,1,23,28,16,29,117,91,92,18,3,113,43,6,104,85,58,80,30,4,47,60,103,89,82,45,120,86,88,37,62,97,110,20,90,26,73,114,7,65,87,119,121,77,42,78,39,40,74,64,83,66,32,108,63,124,36,8,54,125,70,109,79,50,44,5,57,17,51,81,118,101,56,106,46,67,71,116,107,122,49,76,31,99,27,84,69,61,48,34
25,38,15,22,23,111,115,12,102,123,14,19,11,33,105,98,59,35,52,93,21,94,95,10,61,68,80,9,117,18,113,116,58,16,45,30,1,3,62,47,2,82,91,26,92,6,120,42,104,110,88,114,39,40,34,60,85,108,86,37,29,119,77,81,36,32,7,78,13,118,57,87,90,41,73,64,24,83,124,79,96,43,103,5,17,101,4,107,53,44,76,65,75,97,27,71,63,100,56,20,67,66,112,106,55,8,31,74,122,84,109,54,89,51,46,121,99,72,69,70,50,125,49,48,28
26,102,38,30,14,68,105,115,9,111,15,96,2,1,95,34,52,93,94,8,80,11,116,112,59,10,13,19,62,60,89,12,41,75,57,4,91,6,99,113,100,16,45,101,7,77,123,104,58,33,119,42,18,61,44,98,92,122,86,88,54,69,27,22,97,35,70,78,120,3,25,114,55,53,109,108,64,36,67,43,90,29,81,103,87,28,48,118,124,63,66,51,17,65,79,107,110,106,5,83,82,32,50,24,20,71,56,74,46,31,84,76,117,21,72,49,121,125,47,37,73,40,39,23,85
68,27,46,30,28,38,102,111,72,36,19,33,29,100,14,43,37,15,11,59,79,93,10,57,105,98,16,9,95,80,12,77,112,25,2,1,52,22,96,18,94,6,3,35,91,71,45,99,115,4,13,60,42,8,58,97,34,41,110,82,56,123,113,75,90,78,62,108,7,114,116,88,87,81,89,86,32,64,118,103,120,55,65,67,44,119,69,107,109,124,122,106,17,5,92,104,26,53,101,66,61,20,84,83,48,76,50,54,31,49,51,70,121,74,63,125,24,73,23,117,21,47,40,39,85
28,68,105,72,102,38,112,15,30,14,98,8,75,100,10,89,115,29,33,53,12,41,43,108,111,52,11,87,60,94,97,6,122,9,25,59,35,99,93,73,77,95,36,13,71,34,63,58,91,39,40,16,96,2,18,109,116,101,27,104,45,19,7,31,42,55,1,44,86,103,23,56,88,48,3,90,78,123,32,106,114,61,50,107,85,62,37,74,119,76,26,69,117,65,47,67,21,5,22,57,113,82,80,70,81,20,54,24,120,110,64,124,51,4,92,118,17,83,121,66,79,46,84,125,49
29,68,46,111,112,13,19,93,95,89,10,105,2,9,116,55,1,123,71,52,34,91,100,58,16,27,98,60,38,88,77,15,103,122,4,87,61,57,92,86,65,75,8,94,90,64,33,37,69,36,43,104,41,18,56,62,110,54,59,25,44,80,22,53,35,6,51,101,115,26,3,39,40,28,11,66,12,42,7,119,5,32,109,47,76,96,72,97,14,67,30,74,106,23,20,108,78,102,118,113,124,17,114,82,21,81,120,107,85,117,63,79,24,84,83,45,31,99,125,48,70,121,49,50,73
30,102,115,1,15,111,92,59,38,93,29,19,12,105,27,58,98,11,57,95,44,14,80,22,25,47,91,34,4,33,94,110,113,68,10,89,9,18,16,75,96,2,6,88,37,77,35,108,52,61,3,36,21,106,62,60,118,43,97,79,42,78,107,85,8,73,82,114,86,72,117,53,63,32,55,28,81,26,24,120,112,122,13,41,5,119,116,23,39,40,101,46,103,7,17,64,90,124,76,104,100,20,123,67,74,65,83,54,71,56,50,121,51,84,66,69,125,31,49,70,87,99,109,45,48
31,68,32,38,37,104,98,115,111,105,77,15,39,40,80,19,94,82,69,102,22,11,1,101,47,25,67,33,6,9,12,60,99,21,36,14,58,44,122,88,117,90,89,8,93,100,10,5,18,59,23,85,34,62,86,45,95,63,35,55,52,73,41,16,91,24,87,96,48,43,42,74,64,51,56,57,123,103,61,54,26,2,71,50,53,46,114,76,120,17,7,75,119,79,113,65,124,97,78,70,4,92,30,28,66,116,107,3,29,121,20,72,27,118,112,81,109,106,13,110,83,108,125,49,84
68,38,40,39,32,37,111,102,105,15,98,115,1,47,69,14,11,80,90,60,77,18,100,9,44,36,62,19,10,55,12,6,8,94,52,122,65,61,67,89,41,2,79,93,58,78,95,86,43,91,59,96,7,64,3,16,13,63,103,17,57,88,114,99,42,75,124,87,35,71,123,53,20,97,112,28,72,104,30,66,119,34,113,56,29,118,26,82,110,24,108,4,81,51,23,74,54,5,92,76,31,109,83,107,106,101,27,25,84,33,70,46,120,117,45,22,85,73,21,116,50,48,121,125,49
33,34,35,38,15,102,98,122,111,116,105,62,89,27,108,68,30,12,123,37,59,61,99,28,1,9,14,19,13,60,112,44,10,18,11,29,88,107,77,100,6,94,90,87,58,115,80,3,86,2,52,53,75,65,79,95,96,104,110,97,42,63,103,76,93,47,91,73,20,26,7,16,106,55,114,43,124,84,118,72,64,36,78,5,17,101,41,31,57,56,4,74,66,23,67,8,45,119,113,82,109,25,92,54,24,120,71,83,22,32,51,69,39,40,50,70,117,85,81,48,49,46,21,125,121
34,35,38,87,62,33,15,7,98,14,111,1,32,105,88,9,86,68,12,19,59,52,109,102,116,6,94,25,65,10,13,11,115,44,30,58,2,123,60,96,90,53,122,61,28,95,39,40,76,67,108,29,80,3,77,75,27,63,41,104,112,8,26,70,93,89,107,18,55,106,42,91,72,101,43,100,118,114,120,110,97,16,124,119,99,64,79,66,22,69,4,31,78,84,103,113,20,5,17,82,57,36,92,56,71,83,81,54,37,51,74,46,50,24,45,21,73,117,47,23,121,125,48,85,49
34,35,38,111,105,14,33,98,15,9,102,68,1,52,116,96,61,13,59,109,6,12,72,10,94,75,44,37,8,112,122,25,58,60,19,53,41,11,100,88,2,90,30,55,39,40,115,63,62,77,104,27,28,86,80,95,32,74,123,93,103,89,108,3,29,43,87,101,106,47,91,7,18,42,84,26,97,107,23,114,65,24,67,99,66,119,69,124,76,79,36,22,110,20,118,78,16,4,31,17,82,64,120,5,92,56,71,57,54,73,45,113,83,51,70,46,121,81,50,125,21,85,117,49,48
39,40,36,38,37,46,68,50,19,79,115,57,102,111,48,10,16,93,15,77,47,45,23,95,99,105,1,87,92,25,91,9,123,6,18,8,2,90,100,94,86,22,11,122,12,82,52,78,43,58,59,61,44,98,41,88,54,14,64,60,81,7,62,42,69,113,33,80,117,67,114,70,17,74,30,63,4,118,124,96,32,24,65,3,120,34,29,35,27,104,97,75,55,89,13,53,83,85,66,110,108,119,28,103,26,112,116,5,21,72,109,20,51,121,106,107,101,76,125,71,49,31,56,84,73
37,38,39,40,44,15,8,12,11,90,79,43,98,111,47,69,89,80,60,25,49,115,6,125,105,77,62,94,14,87,66,1,23,93,113,59,85,58,33,51,54,57,78,92,9,7,50,24,21,68,22,56,102,42,10,110,65,2,32,19,114,100,122,81,121,35,96,63,120,82,52,119,18,74,95,46,91,117,30,36,64,101,55,76,16,3,75,41,73,123,20,106,13,83,28,103,116,109,17,99,124,31,112,88,108,97,4,29,70,53,104,86,34,61,5,71,107,26,118,45,72,84,48,27,67
38,68,39,40,102,98,1,105,111,47,8,44,61,100,15,10,60,122,9,7,41,37,36,62,52,86,18,13,58,19,115,69,90,94,6,32,2,75,89,96,77,21,103,124,45,33,88,72,63,28,35,55,14,65,112,104,12,64,80,123,34,48,17,93,78,97,16,95,116,91,114,53,42,43,20,66,87,50,59,71,79,11,3,99,67,57,46,118,30,54,109,51,125,119,117,56,121,29,26,74,31,107,108,76,4,106,92,85,23,110,5,70,27,49,84,25,101,24,120,113,83,73,81,82,22
38,39,40,98,15,37,111,105,1,44,122,12,9,36,89,8,14,52,60,100,25,94,57,7,75,33,10,41,43,47,6,59,79,58,11,13,19,53,90,35,22,18,69,85,32,87,61,78,72,23,96,103,2,42,56,62,123,66,82,55,21,116,102,88,113,77,97,20,95,114,73,17,3,80,68,65,24,45,63,93,115,112,16,26,54,120,28,30,108,110,124,46,91,81,67,51,29,104,99,4,119,64,109,76,83,74,118,71,106,92,86,101,31,70,5,107,84,117,49,34,121,27,48,50,125
38,39,40,98,15,37,111,105,1,44,122,12,9,36,89,8,14,52,60,100,25,94,57,7,75,33,10,41,43,47,6,59,79,58,11,13,19,53,90,35,22,18,69,85,32,87,61,78,72,23,96,103,2,42,56,62,123,66,82,55,21,116,102,88,113,77,97,20,95,114,73,17,3,80,68,65,24,45,63,93,115,112,16,26,54,120,28,30,108,110,124,46,91,81,67,51,29,104,99,4,119,64,109,76,83,74,118,71,106,92,86,101,31,70,5,107,84,117,49,34,121,27,48,50,125
41,112,68,96,34,102,1,52,40,39,116,59,58,123,98,33,115,8,37,15,111,53,100,35,72,105,38,28,47,13,122,55,104,46,75,14,97,60,43,9,103,12,42,19,73,77,117,26,119,10,89,57,3,29,93,30,108,90,91,2,36,101,94,18,16,25,69,95,74,86,11,7,109,80,87,63,21,56,71,114,88,32,79,64,110,124,65,6,54,23,76,62,78,85,51,99,17,27,113,22,120,118,81,106,107,5,92,4,70,24,83,61,44,31,82,66,45,20,84,67,121,48,50,125,49
42,46,68,14,59,115,102,9,38,111,11,94,8,105,100,57,39,40,117,123,12,60,41,98,2,95,30,47,96,15,19,36,93,112,16,62,77,1,3,74,50,10,44,6,75,7,69,119,113,4,63,86,58,61,37,80,91,26,24,32,18,92,64,114,108,25,43,85,22,104,65,118,33,120,52,79,34,82,88,78,17,81,124,23,101,55,109,97,13,103,110,5,67,73,87,54,35,71,20,83,116,76,53,29,45,90,89,99,106,122,27,72,66,28,70,48,51,56,107,31,84,21,121,125,49
38,68,34,98,43,112,28,122,52,39,40,45,8,96,102,60,15,100,35,53,116,19,16,115,59,72,75,10,41,33,29,9,97,2,44,77,32,47,111,3,18,79,95,103,74,36,13,119,80,123,58,23,105,25,93,12,6,37,11,67,62,64,22,86,7,101,30,91,92,20,90,46,113,55,78,61,82,42,1,104,73,114,21,51,87,17,108,89,76,107,54,99,109,4,124,63,56,50,81,85,65,117,14,94,120,5,88,31,106,69,110,118,48,70,71,57,83,26,84,24,27,66,125,121,49
44,14,9,96,111,11,52,68,115,38,112,105,98,15,41,59,60,6,13,94,1,58,43,53,10,93,12,19,55,2,95,45,33,3,80,89,97,30,91,25,37,123,54,104,78,7,18,42,77,16,102,72,4,47,114,119,28,57,100,26,23,51,71,61,36,22,50,103,118,109,90,99,110,101,92,75,122,108,21,66,65,35,39,40,69,63,74,32,113,31,120,86,79,5,116,88,17,76,62,124,8,46,73,56,24,82,106,121,81,29,83,64,107,27,20,87,117,67,85,70,125,84,34,48,49
68,111,45,9,98,15,105,38,96,115,2,59,33,14,10,95,12,52,53,30,102,1,60,94,97,91,89,43,58,16,88,46,18,90,37,11,28,99,80,93,114,101,7,42,36,86,27,3,119,40,39,61,62,47,92,79,87,25,22,24,113,4,109,44,120,117,26,57,21,23,78,108,31,73,74,50,85,107,82,71,64,51,72,69,121,76,48,54,106,49,110,17,83,65,5,81,125,66,70,104,13,56,124,67,20,112,35,19,116,103,34,32,84,123,41,6,118,29,77,100,63,122,55,75,8
46,111,68,105,38,98,15,12,14,10,115,22,11,80,88,52,93,9,102,76,59,2,18,95,16,94,92,43,91,33,7,82,62,90,78,113,60,42,96,4,97,54,51,53,114,25,79,3,6,30,41,1,66,81,86,31,57,35,120,17,29,110,124,19,123,8,101,83,106,116,75,108,118,119,104,77,49,122,44,121,56,65,64,5,61,58,71,87,125,26,50,20,37,55,34,103,74,84,63,48,32,69,107,109,24,73,47,40,39,28,36,85,72,27,89,45,67,23,13,21,99,112,100,70,117
47,38,40,39,111,115,15,98,11,12,102,19,80,25,68,1,105,9,10,90,93,62,60,37,44,18,46,94,2,77,61,6,22,113,79,41,52,123,95,32,86,16,124,8,36,91,14,114,59,7,13,42,33,3,122,89,50,65,17,88,57,82,43,58,96,78,64,66,120,92,55,23,119,100,97,20,53,30,70,48,67,4,75,87,104,63,81,85,110,103,29,71,54,35,83,51,101,24,118,45,108,74,5,109,21,117,28,121,76,31,106,73,107,26,69,99,34,56,112,125,49,116,27,72,84
48,38,46,15,22,111,39,40,23,12,98,105,14,115,59,80,11,47,68,102,43,121,2,94,82,93,85,20,95,79,50,21,10,30,86,24,77,44,78,52,87,91,37,114,88,3,18,42,92,113,19,73,64,125,16,81,35,49,116,7,117,69,36,83,62,4,122,123,51,54,67,26,57,118,110,9,61,120,124,109,17,66,108,65,74,45,106,53,101,28,72,34,70,97,119,56,5,60,55,13,100,25,90,107,32,33,112,6,29,71,41,31,89,27,96,63,104,76,1,84,103,58,99,8,75
49,46,50,121,125,39,40,21,23,37,47,48,45,74,81,73,22,99,70,117,25,69,85,82,26,24,1,56,58,27,90,20,83,87,107,92,4,5,113,101,54,106,31,78,76,51,84,110,28,57,72,63,109,64,79,44,97,114,71,93,124,65,17,7,53,42,29,66,62,80,43,122,91,116,119,16,88,30,75,61,95,67,52,11,103,118,2,19,115,3,108,35,10,55,41,36,77,94,18,112,96,12,86,59,6,8,13,100,60,123,33,104,102,120,9,34,32,14,15,105,68,98,111,38,89
50,102,38,93,15,11,22,80,46,94,91,92,113,98,25,78,57,121,42,77,1,12,7,44,111,54,59,82,4,73,115,79,16,68,125,105,58,88,120,14,51,60,48,36,114,52,8,6,110,81,49,86,30,21,10,53,95,45,90,64,104,118,108,83,87,123,2,26,66,19,37,106,124,3,39,40,61,122,17,74,34,23,5,101,43,18,116,20,63,69,85,107,109,47,24,56,67,65,31,89,28,119,117,71,41,35,62,76,27,29,70,84,99,97,32,103,72,75,33,9,55,96,100,13,112
51,55,71,68,100,122,19,40,39,57,65,32,56,115,33,62,7,61,16,69,18,36,44,53,54,2,125,10,60,66,77,17,8,35,37,91,86,67,63,78,124,93,45,102,43,1,28,52,114,101,79,123,58,73,64,111,98,87,75,70,104,74,20,50,48,92,59,88,105,46,121,25,23,94,47,80,95,89,26,21,109,41,103,85,118,13,3,107,90,22,106,42,38,4,96,117,76,31,99,15,84,12,30,6,82,27,81,9,5,34,112,108,83,113,24,119,29,11,110,97,116,14,120,49,72
52,102,68,9,111,15,105,34,115,14,39,40,94,96,112,75,13,8,59,38,45,6,41,33,53,12,116,35,98,10,27,1,30,123,93,43,60,2,74,114,19,95,46,103,119,89,11,28,92,23,104,108,4,90,44,26,69,3,37,47,58,100,55,97,29,62,91,42,63,72,88,86,16,18,7,101,78,122,25,109,36,64,110,5,73,54,80,50,32,120,76,48,124,118,99,106,107,22,77,67,24,113,65,81,71,83,51,17,87,82,56,31,84,20,66,61,57,70,125,121,117,85,79,49,21
53,68,102,38,12,39,40,98,15,9,22,25,93,105,111,112,14,33,34,94,80,13,6,96,115,8,95,44,28,60,52,45,64,55,97,43,75,73,35,116,10,88,59,41,62,90,100,72,19,36,103,82,18,89,122,46,11,42,69,74,30,67,104,51,29,2,4,65,114,54,1,99,3,16,123,113,32,7,91,92,120,119,58,81,79,37,56,21,26,108,24,47,76,70,101,107,86,77,48,63,85,61,66,71,109,110,5,78,106,50,31,20,84,17,23,124,27,83,118,87,57,117,121,125,49
68,54,112,100,19,122,13,10,39,40,62,60,2,75,116,77,18,56,34,44,57,115,7,58,102,98,91,86,96,61,93,51,33,63,8,105,17,64,69,35,37,1,65,6,66,124,88,9,95,52,78,71,67,55,114,94,79,123,46,45,59,50,32,30,41,20,80,101,87,111,74,36,23,28,92,121,42,103,104,25,26,82,73,43,22,12,125,107,108,97,109,70,53,47,118,5,85,3,106,48,38,16,90,76,29,89,81,113,4,119,15,84,110,11,99,83,27,21,31,120,24,14,117,72,49
55,33,68,54,35,44,122,98,28,112,111,116,102,86,18,29,88,15,57,77,69,38,60,40,39,32,75,1,13,53,43,37,103,56,71,65,62,89,12,105,74,34,72,19,6,9,100,8,41,36,2,51,14,58,25,27,90,7,11,10,47,82,106,99,59,16,107,92,23,80,5,115,17,30,61,52,114,76,63,26,22,91,124,119,113,94,20,109,96,87,24,93,110,3,81,70,120,95,108,73,123,66,121,64,42,79,78,67,97,104,83,4,45,118,84,125,21,31,117,85,101,50,49,48,46
56,68,111,15,33,79,35,1,39,40,72,116,98,71,57,101,102,115,19,12,37,117,47,92,45,76,50,48,46,74,104,38,55,28,25,100,30,97,44,51,9,54,90,73,8,78,29,60,109,22,122,59,99,77,23,27,34,7,123,85,86,106,105,62,64,80,52,16,82,121,31,69,70,88,21,14,6,41,11,87,58,2,81,124,66,89,43,17,93,65,63,42,61,32,36,10,26,94,75,114,108,3,20,53,4,18,119,120,96,91,67,112,95,113,13,118,110,103,107,24,83,5,125,49,84
57,46,96,111,68,116,75,112,33,102,50,1,98,15,94,72,71,92,28,27,101,30,12,3,74,19,115,35,87,56,42,37,105,23,53,119,26,79,73,39,40,97,48,60,104,8,109,41,51,25,6,107,78,89,100,22,80,29,90,99,11,38,69,123,16,59,70,62,106,14,114,64,122,108,58,82,43,44,77,110,20,88,86,47,31,81,61,34,113,66,17,63,9,52,85,93,124,55,10,91,4,21,36,54,5,32,95,18,7,83,67,118,2,45,120,76,65,24,103,13,125,49,117,121,84
58,68,102,43,95,99,77,19,2,36,8,14,10,9,93,18,122,105,41,123,62,52,112,6,13,97,60,94,55,91,30,11,96,38,111,115,117,98,35,39,40,4,12,3,47,16,15,33,75,63,59,116,22,53,100,25,119,45,73,27,78,113,89,72,7,90,114,103,80,20,109,44,88,79,32,61,71,23,37,104,21,1,42,69,28,29,17,124,65,87,76,82,56,120,64,26,101,66,110,74,85,5,118,57,67,34,51,92,81,31,108,83,106,107,54,86,70,24,84,46,48,121,50,125,49
59,68,45,117,19,39,40,96,34,27,94,47,3,41,22,91,16,75,93,62,21,18,52,116,102,97,43,25,23,8,115,6,119,11,108,58,92,85,104,80,10,87,9,12,95,38,78,79,123,61,74,35,114,13,98,15,33,26,1,44,36,42,60,30,73,105,103,37,82,2,4,32,118,54,88,113,122,109,57,69,90,28,101,120,7,81,53,64,51,99,24,63,76,111,77,83,66,110,17,86,112,20,50,107,5,29,89,46,124,65,106,67,71,55,49,72,48,31,125,121,100,84,70,56,14
60,89,8,45,40,39,122,112,61,44,37,102,36,100,77,47,93,34,18,91,68,30,94,80,115,32,97,33,62,10,59,98,35,58,28,23,55,19,75,22,21,25,7,41,78,16,71,13,42,95,87,3,103,104,50,69,85,105,73,66,11,12,92,2,65,116,111,6,26,124,27,67,96,1,38,9,64,17,117,74,119,81,57,86,82,63,56,118,107,20,99,51,24,72,88,110,15,108,54,76,5,109,52,101,53,90,120,43,106,29,114,83,113,4,31,79,123,84,14,70,121,125,48,49,46
61,38,102,60,68,111,25,105,100,90,115,93,80,94,14,10,36,11,15,95,22,33,9,12,91,113,30,6,59,98,18,2,112,96,41,103,8,86,114,32,28,55,87,72,42,3,97,122,19,82,92,88,62,7,65,89,63,123,78,69,1,124,35,77,40,39,46,104,108,119,16,44,17,64,116,52,81,43,120,58,70,50,4,13,20,73,53,110,26,107,5,34,45,118,48,79,109,29,67,57,74,83,71,54,56,66,51,106,76,27,49,31,84,121,99,37,47,75,101,24,117,23,85,21,125
37,62,38,78,25,80,36,22,77,47,11,48,102,18,87,69,61,32,105,98,15,111,10,12,57,45,1,86,88,50,90,93,82,55,60,16,2,79,91,44,73,94,89,19,113,46,53,65,7,95,85,66,14,115,20,17,109,68,63,114,64,28,6,58,51,23,124,59,54,103,9,27,70,43,100,104,76,24,39,40,21,42,96,67,35,52,81,92,4,125,117,107,101,71,26,3,8,120,97,118,122,123,49,41,56,30,121,31,29,13,106,108,119,110,34,83,75,84,72,5,74,33,99,112,116
63,38,122,62,50,46,44,37,77,40,39,115,80,15,49,98,111,68,48,23,90,1,12,69,64,21,32,65,117,102,61,6,125,24,78,54,19,79,58,121,45,11,109,105,60,22,47,43,99,59,10,20,67,36,55,101,33,14,89,42,86,88,9,52,96,114,35,25,71,53,73,123,85,87,28,41,30,95,2,94,113,82,100,27,4,7,116,8,70,66,108,18,13,17,92,72,29,124,103,74,16,119,5,3,51,106,112,31,76,110,91,81,120,75,57,104,97,83,93,107,26,34,84,56,118
38,68,64,36,19,79,7,62,80,102,15,77,10,82,93,105,18,16,98,60,22,12,90,2,78,25,57,8,32,43,113,86,95,88,91,11,40,39,115,100,17,123,1,124,121,81,54,122,111,61,6,55,47,45,20,50,33,41,23,9,103,94,59,48,37,92,112,49,35,85,44,21,58,42,75,114,24,108,73,120,65,69,89,14,53,70,87,3,125,109,46,51,76,66,13,34,63,74,117,26,28,29,83,4,119,67,110,30,99,5,97,118,106,72,56,52,96,27,107,71,116,84,104,101,31
65,68,38,102,36,39,40,77,111,115,98,61,1,18,15,25,22,47,12,105,55,100,7,44,14,10,32,8,80,11,66,2,6,112,16,82,37,88,95,89,52,90,62,43,113,60,78,67,9,93,51,58,70,87,114,48,75,63,45,86,49,35,57,19,46,91,17,122,81,73,29,64,124,23,94,42,59,53,41,69,96,3,109,79,50,76,103,92,85,119,30,13,71,21,4,110,97,120,74,20,27,34,117,54,28,107,99,123,118,26,56,24,116,5,33,106,125,104,83,84,121,108,101,72,31
66,25,122,22,77,100,61,55,37,82,15,33,44,38,111,102,98,62,60,68,113,123,12,19,39,40,7,8,30,78,89,105,10,67,115,80,57,43,69,23,2,93,6,24,1,47,14,94,9,11,59,35,28,63,96,64,90,18,91,32,99,108,41,36,95,75,124,79,109,85,110,112,120,3,53,16,71,86,17,114,121,56,81,13,65,52,4,88,46,34,42,5,20,118,76,50,87,104,92,103,29,54,97,26,83,45,107,106,101,58,51,74,119,72,31,21,116,70,73,84,117,27,48,49,125
67,68,70,39,40,46,10,2,15,77,38,1,8,36,35,25,22,18,34,115,12,93,102,80,30,47,52,111,11,69,60,100,7,98,95,55,105,28,123,66,6,91,94,88,59,82,9,62,14,19,113,43,16,89,65,33,32,44,64,13,79,110,96,21,114,122,120,90,112,58,42,41,53,86,116,3,78,23,37,17,51,92,124,109,103,81,104,54,61,45,119,27,63,101,117,108,74,83,26,87,4,118,5,31,106,29,20,85,99,97,75,57,71,76,107,24,56,73,84,48,50,121,72,49,125
68,39,40,8,45,102,59,1,38,48,15,52,34,44,10,25,96,75,9,13,105,43,58,6,53,47,111,33,90,117,12,19,85,115,18,60,69,104,35,41,112,116,79,2,88,14,7,27,22,77,113,16,42,91,95,11,55,29,93,36,37,28,30,23,80,123,87,78,3,72,100,89,119,94,64,98,122,97,63,82,62,67,99,120,24,118,26,108,124,81,74,66,46,114,109,110,32,4,61,65,103,106,107,121,17,56,86,71,76,50,49,101,92,5,83,57,20,84,21,31,70,125,54,51,73
69,38,68,111,89,15,33,105,25,12,102,10,62,55,98,94,100,11,60,93,14,122,22,59,77,2,80,67,1,8,43,36,13,9,113,52,32,95,90,6,82,96,42,30,41,65,115,28,123,108,35,58,112,53,7,44,97,19,114,78,124,66,99,86,16,18,88,61,3,64,63,17,37,72,70,71,20,120,34,4,81,87,74,91,26,106,104,79,119,110,54,116,75,51,47,92,57,107,118,29,5,45,73,31,101,83,27,109,76,56,48,103,46,40,39,84,121,50,125,23,24,49,85,21,117
70,38,68,102,115,15,98,111,12,7,1,93,25,67,78,22,79,62,16,10,18,34,58,88,80,69,11,94,6,105,82,8,95,60,59,77,64,113,90,2,39,40,14,114,44,101,92,52,9,122,33,120,61,99,87,123,43,41,91,21,30,96,55,19,42,110,89,3,56,37,74,13,100,51,26,54,4,104,83,28,45,5,109,81,66,73,121,117,63,85,119,118,75,47,53,35,65,23,108,97,29,106,116,46,27,57,32,107,31,103,86,50,48,124,36,17,24,125,20,72,71,112,84,76,49
71,102,111,112,57,29,80,68,15,38,33,116,79,25,19,115,72,22,98,55,100,89,52,1,35,123,9,28,56,60,8,46,44,94,97,75,101,39,40,61,82,90,16,51,119,69,18,53,54,77,78,13,30,41,62,36,108,104,109,86,23,58,59,6,11,87,74,5,45,122,12,105,14,34,65,99,64,113,42,7,31,88,96,27,43,106,37,110,17,10,3,32,26,76,81,63,47,67,92,4,120,91,66,24,107,20,95,2,103,124,93,114,73,83,118,50,70,121,125,48,84,49,117,21,85
72,38,29,98,28,100,15,39,40,116,75,102,34,122,35,89,33,112,45,53,101,80,73,79,99,104,93,31,59,68,90,6,97,55,43,14,8,23,48,37,108,2,103,47,11,63,123,12,71,117,106,109,85,115,86,19,42,52,62,105,27,114,25,76,107,65,88,92,110,21,26,74,18,119,30,61,113,64,41,56,124,84,96,36,10,57,51,24,13,69,58,16,77,60,120,91,95,7,22,9,20,94,44,32,70,1,3,78,111,82,17,81,4,83,5,66,54,46,125,118,49,121,67,87,50
72,73,28,12,40,39,15,122,113,25,37,11,102,33,43,1,97,75,6,46,59,52,114,96,121,22,65,58,9,101,60,74,92,53,42,87,41,61,80,30,50,44,67,70,8,82,45,120,56,79,54,69,85,110,49,48,31,125,24,64,78,77,4,109,63,36,47,99,71,23,108,51,21,107,76,89,57,117,84,93,66,5,27,55,106,20,10,7,17,91,86,94,16,29,124,3,83,18,88,119,68,118,95,100,35,2,98,112,32,62,13,90,111,123,103,14,105,115,104,81,34,38,116,26,19
74,38,98,68,6,56,122,44,102,43,115,30,53,15,97,65,12,71,39,40,57,11,47,54,51,55,37,79,75,36,28,67,50,33,73,9,1,87,111,80,121,94,125,117,25,105,93,91,114,7,113,14,100,46,104,45,19,92,78,61,69,18,82,35,20,99,85,60,59,77,89,42,66,32,23,21,10,16,90,62,22,86,64,31,96,17,52,76,13,58,101,63,70,95,2,124,5,81,27,123,24,109,41,84,107,110,120,119,8,3,49,88,29,108,106,118,83,112,26,103,4,48,72,116,34
68,75,112,55,102,122,96,13,1,39,40,116,52,111,34,33,38,58,98,59,60,105,89,19,47,100,44,72,115,41,10,53,62,9,35,97,8,14,86,28,108,12,90,95,94,77,15,87,88,2,103,27,42,93,71,18,29,21,91,99,32,117,37,43,7,6,11,16,80,25,123,65,30,3,109,63,104,36,64,119,73,74,76,85,110,79,23,124,26,101,31,84,114,22,24,113,106,107,20,17,56,78,120,5,54,82,51,66,67,4,92,83,61,118,70,81,57,45,69,50,121,125,48,46,49
76,68,115,77,38,9,102,123,37,6,105,19,36,79,15,25,93,14,98,22,113,40,39,111,94,11,1,56,13,12,30,10,16,90,66,71,72,32,60,51,28,3,59,96,80,46,91,33,100,52,65,57,42,43,45,99,78,58,117,82,4,92,122,75,69,18,35,64,41,95,2,108,62,8,119,55,26,110,53,17,116,21,114,81,74,88,104,7,103,34,67,120,124,87,101,86,23,5,112,106,44,20,47,63,97,118,31,29,54,73,84,107,83,109,89,85,24,27,61,121,48,50,125,49,70
77,89,38,15,52,40,39,59,100,115,105,37,43,12,10,96,21,68,14,33,112,11,25,93,28,36,91,87,58,60,1,122,30,95,19,102,13,69,61,53,70,24,8,98,104,80,22,32,97,111,29,92,57,85,3,47,2,9,72,86,16,41,62,63,6,34,35,18,42,103,71,56,123,73,66,114,124,75,54,82,94,78,108,113,20,65,55,119,48,26,79,116,4,120,67,17,110,7,76,81,44,88,90,23,51,74,83,107,101,118,64,5,106,31,99,109,46,84,125,50,121,45,27,49,117
68,100,115,105,60,13,9,36,111,52,8,102,44,38,12,57,18,78,14,89,15,80,79,72,98,71,97,1,41,2,61,58,91,50,46,19,93,39,40,43,59,123,33,37,53,25,45,10,34,75,66,94,6,62,32,95,121,54,104,47,11,55,35,69,7,73,63,77,114,22,51,16,4,17,124,96,90,87,103,82,85,67,20,86,92,113,23,65,48,74,42,28,64,122,101,3,76,70,88,56,81,26,30,110,125,120,106,107,118,112,31,119,109,99,116,21,108,83,5,24,84,29,117,27,49
79,68,46,102,37,115,50,38,10,2,54,36,67,78,93,80,95,57,71,121,91,18,16,65,94,12,22,90,70,11,77,100,25,45,39,40,43,64,122,98,62,59,51,66,97,82,73,89,48,53,8,61,15,113,58,1,23,87,74,4,7,92,75,42,63,85,125,33,81,20,88,17,44,28,55,123,86,24,107,29,114,111,69,120,110,104,19,99,124,21,105,6,30,35,47,26,101,56,109,103,32,83,106,5,60,118,96,72,117,9,41,14,108,76,52,3,119,13,31,49,27,116,34,84,112
80,57,123,102,45,60,37,36,61,18,91,78,33,7,11,19,115,97,79,1,12,64,38,111,104,105,59,48,72,87,8,35,73,21,47,25,6,55,117,22,44,77,54,71,98,92,23,9,82,75,34,15,40,39,66,124,121,30,51,74,100,41,56,32,28,43,86,17,14,20,4,10,93,63,95,50,76,2,94,65,85,58,16,52,81,107,26,99,114,101,88,108,90,62,96,113,3,42,125,103,118,29,116,68,110,69,46,83,106,109,31,49,24,120,119,112,5,53,13,67,84,27,122,89,70
81,68,38,25,82,15,11,12,22,113,85,111,120,80,94,59,6,48,98,14,19,24,16,115,42,9,1,105,87,93,90,95,23,102,88,3,96,114,119,45,10,41,79,92,58,26,18,52,83,109,69,62,64,99,91,36,30,2,86,54,104,78,4,89,110,43,118,60,77,51,50,74,57,39,40,123,124,46,5,61,44,7,8,66,17,121,53,13,20,33,108,63,97,35,75,32,29,101,76,107,116,55,100,34,27,47,71,65,112,49,56,103,122,67,106,125,31,117,28,21,72,70,84,37,73
82,102,38,15,50,12,19,11,98,80,111,1,123,81,105,115,93,58,6,94,33,59,37,78,25,79,16,22,54,14,92,18,9,68,113,47,42,104,10,95,52,114,91,90,24,39,40,23,87,96,85,45,41,43,60,26,35,62,2,51,110,21,44,88,3,7,117,120,108,8,86,64,75,30,36,73,83,124,109,57,46,118,20,17,67,65,53,119,74,32,77,66,29,63,103,4,70,101,76,97,55,5,72,13,100,106,28,61,71,99,56,121,107,48,31,49,122,89,116,112,69,34,84,27,125
83,14,11,9,38,68,96,111,10,115,94,16,95,25,52,41,30,1,29,12,105,59,15,46,22,58,18,19,36,93,3,80,57,91,123,6,102,40,39,4,26,2,92,98,120,113,117,7,81,42,24,85,5,118,82,119,110,86,23,21,8,50,48,47,104,78,88,108,101,33,114,121,45,79,62,17,90,34,35,66,125,54,43,61,49,87,44,64,69,60,67,124,77,20,70,109,74,51,37,53,13,73,65,97,32,116,63,75,100,112,55,71,103,89,106,27,99,107,76,56,122,72,28,31,84
84,68,115,37,59,94,30,15,89,33,112,87,34,55,111,62,14,25,2,77,61,8,96,122,102,12,13,1,39,40,38,95,60,105,36,35,88,29,65,22,98,11,123,93,6,7,32,119,64,66,82,58,52,86,9,100,103,99,3,110,19,10,97,42,28,80,44,72,114,75,53,18,41,57,67,113,91,16,116,104,43,4,108,27,54,120,73,63,69,78,47,81,79,46,124,20,17,71,76,90,5,109,92,106,118,26,74,107,51,117,70,83,45,21,85,50,24,121,23,48,101,125,49,31,56
85,38,15,12,113,111,115,14,11,37,98,33,102,93,105,80,59,22,82,73,47,9,77,10,117,68,90,114,94,95,24,25,42,2,58,21,41,43,6,74,96,45,78,23,120,81,70,18,39,40,16,3,91,75,54,51,79,119,8,30,92,125,67,46,88,62,110,4,7,121,63,50,57,56,83,101,108,17,103,31,60,86,65,124,76,97,29,100,109,107,44,5,20,71,64,66,36,32,118,28,55,53,72,106,87,89,13,35,122,61,104,52,123,49,99,84,48,19,112,26,1,27,69,116,34
86,102,46,50,61,98,62,22,88,25,36,45,68,15,115,79,33,38,55,44,82,57,32,111,23,16,113,29,76,12,78,19,65,114,1,37,60,34,64,48,18,77,66,93,99,52,90,11,105,103,87,81,69,122,91,80,54,124,58,7,20,35,17,43,94,42,6,10,100,95,9,4,110,14,28,120,67,8,96,85,63,26,123,104,21,71,59,106,41,47,51,118,92,24,30,53,107,13,119,117,75,2,40,39,73,84,3,83,74,109,56,108,89,97,116,27,31,121,72,5,101,70,112,125,49
87,36,88,86,100,38,7,15,19,109,20,39,40,12,102,41,22,62,37,64,32,78,90,8,69,123,50,48,65,80,82,11,105,122,14,98,111,89,10,55,73,18,79,68,81,17,1,70,77,93,35,113,125,47,6,95,60,91,23,61,59,115,33,16,94,121,2,9,24,54,63,92,49,42,25,44,96,124,52,103,114,3,119,58,104,67,51,75,71,99,13,97,53,30,21,120,74,57,101,83,116,108,76,43,26,45,84,110,118,66,46,4,31,106,5,72,28,29,34,112,107,27,56,117,85
88,68,102,89,45,122,46,15,50,61,86,34,33,22,98,62,55,36,115,82,47,79,87,76,25,44,23,57,77,80,78,65,48,114,29,21,104,38,67,111,64,37,16,81,19,1,18,27,113,11,52,110,12,90,108,124,35,58,54,30,42,66,91,92,85,123,4,116,94,32,105,117,96,17,103,95,20,119,43,93,69,106,6,120,109,59,26,107,5,118,71,100,2,99,8,75,24,63,51,9,101,7,112,14,10,83,13,60,41,74,3,31,56,28,84,40,39,53,121,73,97,70,72,125,49
89,38,95,10,52,75,12,2,105,93,8,94,77,100,91,19,60,68,14,3,79,16,97,115,6,59,71,112,55,9,15,33,1,18,13,102,62,111,122,39,40,98,41,22,99,37,96,29,72,120,123,28,58,35,116,113,27,7,104,11,119,103,45,81,53,88,44,74,25,90,23,30,48,20,42,86,34,66,82,65,109,43,47,26,118,57,110,24,114,63,83,5,69,73,78,107,124,61,84,64,46,106,80,56,17,32,108,76,31,51,36,54,67,87,70,92,121,117,101,125,4,21,50,85,49
90,46,68,44,61,37,100,77,40,39,62,38,69,111,102,23,65,43,7,6,19,79,25,48,32,22,15,33,123,89,8,121,82,58,45,28,80,49,53,85,113,86,87,1,64,66,11,21,125,54,88,74,26,47,35,70,55,99,52,114,24,51,41,63,9,16,81,12,98,34,94,2,95,14,78,30,96,117,4,97,72,10,18,124,17,105,36,109,120,119,104,50,56,73,42,20,116,118,108,107,91,3,75,83,29,103,115,5,93,57,13,110,59,27,60,31,106,92,101,112,71,76,122,84,67
98,68,102,105,15,111,91,14,96,9,37,52,115,92,69,43,19,12,89,39,40,99,10,45,25,66,22,61,59,93,6,80,117,48,1,8,58,13,2,94,53,90,123,57,41,33,87,95,11,44,38,63,34,77,60,116,97,75,18,36,62,49,71,21,16,27,3,30,35,4,119,79,104,78,23,42,55,54,113,125,65,122,7,26,109,28,88,29,101,114,108,64,106,47,76,81,100,85,72,32,74,51,82,67,86,124,17,5,110,120,118,20,31,103,107,24,83,56,70,112,46,73,84,50,121
105,68,92,9,40,39,58,115,123,98,93,6,10,34,19,95,80,41,2,91,21,50,11,112,1,25,77,94,45,96,8,22,12,14,116,46,97,111,36,15,75,52,43,59,16,37,104,13,54,38,18,60,35,44,33,79,69,4,119,87,3,55,51,20,72,88,53,86,101,121,65,7,61,23,102,42,113,30,82,32,108,66,26,64,73,48,114,78,100,106,57,99,62,124,81,71,74,17,85,47,109,56,76,5,120,90,122,118,83,110,31,107,103,24,29,27,28,63,117,125,84,89,67,70,49
117,38,93,123,8,111,58,102,1,115,68,22,6,34,2,52,9,19,95,14,77,75,92,98,40,39,80,45,21,94,78,10,25,16,43,112,4,91,66,122,105,47,18,15,36,41,62,11,33,96,35,65,64,13,12,48,3,82,116,90,97,59,101,30,29,79,119,23,7,26,32,87,89,113,60,63,103,86,104,44,88,85,37,53,28,114,69,42,20,17,100,110,109,118,124,120,81,54,67,55,99,108,24,5,106,83,71,76,74,107,51,61,50,31,121,84,72,27,125,46,73,70,49,57,56
94,45,57,39,40,48,21,102,52,1,34,95,111,47,96,9,117,19,14,92,4,36,11,91,93,123,6,68,112,115,16,105,33,77,10,18,2,8,38,15,44,58,25,3,35,80,116,87,97,98,64,119,75,101,42,69,23,12,26,29,22,99,113,59,90,32,85,37,122,7,104,28,88,62,78,114,118,41,108,63,86,17,124,81,66,100,13,109,74,60,82,103,120,30,79,76,125,67,65,20,83,51,110,55,107,50,24,121,54,89,46,49,5,106,84,43,61,53,27,72,31,70,71,56,73
117,95,102,43,96,123,21,115,92,94,9,111,89,34,93,12,8,19,1,22,52,4,14,6,29,39,40,58,33,25,105,68,18,2,98,45,30,23,91,104,41,36,16,112,116,75,87,122,3,119,13,38,10,53,113,11,35,88,90,79,5,69,64,62,67,44,82,26,66,77,65,80,47,85,86,37,42,103,63,78,114,120,118,110,32,81,15,7,108,28,101,60,97,109,100,59,17,24,106,83,121,20,76,27,124,107,72,55,48,74,31,99,125,46,50,84,54,49,70,61,71,73,51,57,56
96,45,34,8,43,115,22,14,97,37,47,91,6,94,15,36,112,78,62,39,40,68,53,48,61,75,10,9,58,19,1,27,23,93,103,73,7,80,79,2,41,25,105,35,116,11,69,60,111,21,52,95,13,44,123,102,32,59,3,33,64,12,98,110,113,119,86,100,122,38,117,88,77,26,18,57,50,30,85,74,124,109,92,76,16,89,51,66,42,28,82,17,55,90,101,114,65,81,72,54,118,63,104,29,20,120,5,99,108,87,83,4,71,106,49,70,24,56,84,107,67,31,121,46,125
97,68,75,37,79,96,36,116,44,38,40,39,77,15,89,34,73,46,8,13,25,45,33,98,22,12,35,90,50,66,28,78,10,93,18,7,91,123,19,82,43,1,104,53,58,51,69,2,95,72,65,111,32,92,47,61,105,41,71,122,16,114,115,80,100,59,87,94,60,52,11,101,55,81,9,74,102,70,27,54,113,23,17,20,6,42,99,29,109,119,107,112,56,62,21,30,14,106,31,63,124,120,4,64,26,67,110,3,108,86,57,76,103,24,118,117,88,83,121,125,5,85,84,49,48
98,34,75,59,35,33,41,45,60,97,8,72,105,28,58,39,40,52,74,71,53,55,87,102,68,9,56,104,1,14,111,43,15,51,96,30,100,116,29,13,99,57,112,47,107,114,6,92,119,73,122,10,106,91,44,38,19,21,27,125,36,94,63,110,89,62,7,18,103,86,2,42,76,32,117,108,115,123,80,12,88,65,16,124,77,78,66,95,93,17,69,37,31,3,26,64,54,101,20,67,83,61,48,118,109,24,46,90,85,84,23,121,4,11,5,79,49,50,25,70,81,120,82,113,22
99,96,52,104,58,44,1,87,61,67,48,2,73,10,45,50,19,91,57,36,39,40,100,8,38,70,101,72,18,64,68,27,47,121,89,62,97,86,113,56,7,71,88,15,13,28,60,63,4,115,122,69,55,93,25,102,94,95,32,125,76,106,43,92,112,66,109,75,17,65,29,116,54,31,12,111,6,103,74,5,59,105,20,51,85,22,9,53,16,11,107,98,3,41,80,37,26,42,123,49,90,14,124,23,84,119,118,77,114,81,78,82,79,120,35,46,33,34,83,110,24,117,30,108,21
100,102,72,33,34,25,90,122,60,71,15,80,43,44,56,38,97,61,55,1,28,35,37,115,79,104,59,53,74,12,94,105,77,8,78,57,13,29,98,75,58,62,99,109,69,11,22,40,39,87,67,6,116,41,89,14,113,23,51,114,42,32,123,106,96,103,112,7,82,52,66,64,120,107,68,9,3,86,76,17,81,18,119,27,65,63,88,24,20,108,26,91,36,30,2,10,124,47,93,110,92,121,95,125,73,16,83,111,118,5,19,84,45,101,46,54,31,4,50,117,85,70,21,49,48
68,98,38,105,111,104,14,122,80,2,59,115,15,11,100,10,36,94,9,33,96,101,18,13,95,30,1,93,12,77,19,52,41,25,32,6,88,51,112,54,123,37,62,55,16,86,43,53,60,91,7,103,57,35,79,47,119,29,67,22,64,5,69,42,4,58,71,108,78,3,116,90,114,40,39,97,28,56,102,113,61,66,75,46,92,8,17,124,50,109,87,31,34,65,70,74,120,44,72,26,82,118,23,48,110,107,45,76,63,81,20,85,121,73,99,106,21,24,27,83,117,89,84,125,49
102,33,34,112,35,96,45,75,13,52,116,28,53,111,105,103,95,72,2,73,14,9,6,60,41,104,97,29,27,30,68,101,100,65,88,93,55,74,59,10,71,89,4,57,63,56,76,19,106,115,86,36,58,16,1,61,98,42,114,84,26,32,119,91,18,54,51,107,123,108,125,94,37,47,7,122,64,8,3,62,109,67,87,77,17,118,110,24,124,23,20,85,83,5,31,78,66,117,12,69,79,21,40,39,44,80,99,121,11,48,120,113,46,50,92,15,25,90,70,82,43,81,49,22,38
103,14,98,96,111,52,69,53,102,3,38,68,60,55,9,105,15,89,95,2,100,40,39,77,8,41,122,116,13,1,21,19,44,94,32,61,99,62,115,75,59,18,29,35,6,30,80,10,112,12,33,117,93,43,67,72,11,97,42,104,86,91,88,58,65,90,119,64,87,28,76,25,71,79,109,34,37,47,36,78,16,57,108,114,26,123,63,7,27,17,113,20,120,124,5,66,84,56,22,110,4,24,82,31,101,106,23,81,54,107,85,92,118,83,74,51,70,45,73,121,50,46,125,48,49
68,104,102,38,40,39,105,15,11,98,115,99,100,33,93,80,1,111,52,9,41,34,12,94,72,13,59,25,96,44,77,62,112,14,10,57,97,35,66,46,43,122,2,116,95,89,70,28,86,91,53,88,4,19,75,29,47,8,6,37,58,42,64,22,63,103,90,113,18,32,36,92,101,82,108,55,119,30,67,16,114,78,79,69,26,124,3,5,31,17,76,109,60,107,20,56,123,110,106,7,81,65,87,120,118,50,27,71,121,83,51,54,61,74,84,73,24,125,23,45,48,117,85,49,21
105,38,98,9,68,14,96,102,75,111,33,34,59,1,45,52,8,116,35,72,21,13,15,41,112,39,40,94,58,100,53,28,55,60,10,97,117,74,30,104,89,119,6,99,42,43,103,11,29,47,2,12,71,19,61,44,115,122,69,107,26,54,114,51,63,95,91,77,3,109,108,25,16,93,7,92,56,110,86,18,123,90,36,62,88,27,124,106,37,87,80,76,66,118,24,57,32,70,20,31,65,64,85,120,101,67,78,83,5,17,4,84,79,73,125,23,48,113,46,81,121,82,49,22,50
106,38,15,72,37,33,122,16,46,55,58,60,115,68,110,8,30,12,102,28,25,40,39,104,100,29,105,44,6,97,22,109,93,66,98,14,52,78,80,50,123,41,111,56,47,11,18,69,53,59,77,86,92,75,62,57,1,121,43,9,36,90,87,13,89,35,96,79,108,32,34,10,42,107,61,94,23,113,71,114,82,64,95,76,24,2,54,7,112,63,91,4,81,124,99,88,27,67,19,119,116,17,120,103,3,74,5,118,26,31,101,51,65,45,20,83,84,48,73,85,21,117,70,125,49
107,38,33,55,34,108,46,15,30,100,58,111,89,44,97,115,102,8,122,98,50,56,105,12,123,37,72,80,29,19,62,35,109,68,60,66,93,59,27,110,76,106,7,11,22,77,71,25,91,75,28,10,1,16,32,69,73,2,121,6,78,57,9,41,18,65,113,36,101,92,112,45,88,81,14,61,114,95,42,39,40,63,96,86,90,99,67,104,94,4,20,24,54,3,51,53,17,124,118,85,64,120,52,87,79,47,84,82,43,5,23,31,26,103,74,116,83,119,70,13,48,125,21,117,49
108,38,68,61,98,1,58,109,111,102,11,57,30,59,75,80,13,46,105,122,25,19,10,22,37,60,16,97,104,72,95,77,73,110,100,12,55,106,52,18,15,112,44,9,96,39,40,41,28,33,99,2,36,92,119,8,42,87,7,62,93,107,35,6,53,76,113,4,91,94,43,90,71,78,29,123,34,14,56,82,117,79,21,86,66,3,20,101,116,24,115,103,85,27,47,65,63,69,120,124,118,26,23,88,32,17,54,64,114,89,5,81,84,51,83,125,74,31,67,121,49,70,50,45,48
33,38,108,102,30,39,40,35,3,109,80,37,75,6,111,25,98,56,96,59,15,58,68,12,55,28,19,45,115,9,34,66,60,97,105,14,10,99,57,72,29,11,94,93,1,44,122,8,95,63,22,123,18,13,52,2,79,107,48,32,77,89,41,100,16,50,87,119,91,65,92,27,26,47,90,114,101,61,21,88,78,81,23,82,64,71,117,116,113,43,42,110,103,86,7,62,76,24,104,73,121,112,85,54,118,36,120,46,124,74,53,106,49,5,17,4,125,20,83,51,31,67,84,69,70
110,39,40,29,46,30,38,102,115,47,108,37,111,33,19,93,1,58,34,2,15,22,57,98,105,68,62,12,91,80,77,96,88,43,72,14,106,16,11,10,9,8,94,123,59,18,79,52,25,87,7,107,95,35,60,122,36,78,3,65,27,92,75,86,113,112,4,44,13,63,6,64,41,100,71,101,21,118,103,42,114,66,109,5,116,26,117,23,32,17,55,24,90,54,76,82,104,119,53,61,120,124,81,97,73,74,89,85,20,51,67,83,56,28,99,69,50,70,48,45,31,84,125,121,49
111,102,9,14,105,96,1,52,94,34,38,13,112,45,117,8,68,6,33,2,35,39,40,41,95,75,15,30,58,53,10,98,122,123,115,119,29,74,59,28,26,104,11,55,19,90,93,42,43,47,89,108,18,85,103,44,12,24,88,100,64,60,86,72,63,54,48,62,4,114,65,92,120,91,110,23,16,76,5,97,51,3,7,113,118,27,99,66,17,69,106,109,121,107,36,83,77,124,116,80,20,67,125,84,32,79,87,71,101,81,31,46,61,70,78,73,37,56,22,57,21,82,50,49,25
112,34,40,39,1,37,117,82,102,47,38,36,72,55,98,123,12,28,20,104,74,15,99,105,53,62,100,19,87,86,90,116,9,89,43,58,52,71,26,35,50,46,121,64,79,111,11,115,44,88,33,54,75,2,59,103,8,5,16,10,6,13,18,25,77,94,68,41,122,29,61,114,63,27,91,32,3,69,22,42,125,109,80,60,108,49,118,119,7,4,93,96,30,97,84,76,106,95,124,81,70,110,65,66,67,107,14,113,83,120,17,24,92,78,56,57,31,48,51,101,21,45,73,23,85
38,37,23,21,111,25,9,14,85,12,102,117,24,113,45,44,6,22,115,19,50,120,15,123,30,59,94,73,11,95,125,68,39,40,93,1,16,48,65,121,52,58,2,96,49,43,83,4,108,87,41,26,119,3,81,34,79,10,92,105,56,90,110,107,64,63,78,80,35,82,91,42,18,54,98,8,60,46,86,116,104,88,13,61,75,118,112,36,114,57,53,62,7,66,89,5,103,109,33,29,74,100,55,101,124,47,17,72,97,77,67,106,31,70,122,51,76,71,20,32,99,27,28,84,69
114,115,112,38,46,1,102,15,98,34,111,96,29,19,105,68,13,12,2,11,22,10,123,97,9,25,54,33,113,42,53,59,43,45,58,52,14,44,35,82,80,28,41,8,85,40,39,117,55,74,93,23,6,62,86,90,51,47,60,71,30,65,16,81,88,56,95,87,7,36,75,18,94,57,120,77,26,78,104,21,64,91,92,107,63,124,50,66,99,109,69,110,17,106,3,122,67,79,100,118,89,119,20,5,4,48,103,116,32,108,37,83,24,73,101,27,61,70,121,31,84,76,125,72,49
115,111,9,102,96,14,52,2,4,112,94,75,95,6,13,33,15,34,92,105,93,1,35,22,25,65,41,123,68,116,58,12,10,59,91,30,55,85,64,61,11,62,119,72,19,38,114,104,42,54,67,44,50,26,74,27,23,98,100,3,82,29,110,113,122,18,5,87,60,16,24,77,97,120,108,76,106,103,125,43,118,81,69,89,101,49,73,121,109,63,53,37,83,21,86,36,78,80,71,8,46,47,45,107,57,17,90,66,88,79,28,48,124,31,32,20,117,7,51,56,84,40,39,70,99
116,38,112,105,98,102,75,8,1,100,122,72,96,94,58,41,28,12,68,9,60,10,53,34,115,52,35,6,103,2,11,45,30,19,18,62,14,89,97,55,59,95,93,90,61,29,88,80,43,86,13,42,119,99,108,36,104,91,7,67,63,27,16,77,3,71,123,74,114,69,110,101,84,87,65,64,4,76,109,57,124,31,5,56,106,107,118,113,26,20,120,17,66,81,33,92,78,83,15,44,51,79,54,32,70,82,111,37,39,40,21,85,117,24,47,46,23,25,73,50,121,125,22,48,49
38,117,11,68,14,25,22,15,80,12,30,100,98,33,16,24,90,75,120,72,8,18,88,119,74,114,39,40,45,28,59,44,47,113,105,29,43,77,82,10,97,4,78,52,41,60,1,7,87,23,81,21,103,86,79,6,76,2,42,54,92,108,62,102,58,110,56,13,94,83,111,95,91,9,63,93,123,115,32,112,57,109,37,67,19,5,26,66,35,51,124,96,46,36,17,71,65,3,101,85,104,70,118,99,73,121,53,89,64,122,107,27,31,106,55,50,48,20,84,116,69,125,49,61,34
38,15,11,68,115,96,118,59,1,105,12,111,25,3,98,58,93,89,14,60,8,19,122,55,94,32,37,33,95,77,2,18,9,27,40,39,13,22,46,80,116,10,6,120,113,24,102,99,16,36,100,123,75,30,4,50,35,42,41,5,61,52,109,66,44,17,65,34,62,112,79,47,67,90,110,91,88,103,124,63,53,43,101,86,82,119,114,92,64,23,108,7,57,20,104,78,81,97,29,83,106,69,26,54,71,74,107,31,28,76,51,56,87,70,84,85,21,121,45,72,117,73,125,48,49
119,102,14,115,111,36,59,98,68,19,38,39,40,55,15,95,117,57,1,112,93,11,12,123,94,9,80,6,52,34,2,25,3,30,22,16,105,79,71,75,10,77,96,4,33,88,58,92,69,65,91,43,41,104,29,47,13,42,97,32,21,18,60,62,26,114,72,61,5,44,8,90,63,86,53,87,113,64,78,7,116,108,120,100,35,103,110,118,101,109,122,89,28,74,124,81,17,76,67,54,83,51,66,20,106,56,107,24,99,85,27,37,82,31,23,50,84,46,121,70,125,45,73,49,48
21,120,15,14,36,11,38,9,94,19,95,25,111,102,113,12,16,105,117,6,22,52,115,59,10,96,42,68,3,93,1,2,91,58,119,26,98,24,23,123,41,110,8,18,114,81,80,104,85,57,30,83,4,88,33,35,86,13,60,43,92,5,118,64,7,116,39,40,62,47,82,78,90,29,75,100,53,108,124,112,79,97,17,55,103,101,74,77,54,87,109,66,44,63,65,46,72,32,45,89,20,51,71,106,67,99,122,107,61,37,76,34,69,27,56,28,50,70,121,31,84,73,48,125,49
37,50,121,21,48,102,125,115,46,85,117,49,24,70,23,69,45,47,87,11,105,73,51,27,56,54,63,62,99,114,90,80,93,92,113,31,52,83,33,106,35,10,4,53,42,108,64,43,13,29,38,12,76,111,118,84,59,110,101,15,6,30,14,98,75,86,100,2,107,16,119,9,94,61,96,44,57,5,116,79,7,95,1,26,109,72,103,41,74,60,3,20,91,25,55,77,82,78,122,65,97,66,81,67,8,18,88,68,124,17,32,22,123,58,120,104,28,39,40,71,36,19,34,112,89
122,38,40,39,102,75,80,68,13,105,11,8,45,52,1,14,100,41,33,72,60,61,10,55,53,112,9,36,2,28,116,90,15,89,77,73,58,42,59,95,22,96,34,35,70,67,12,103,69,111,88,98,86,32,37,113,62,63,99,57,25,104,66,94,7,4,110,71,6,18,119,51,54,92,30,65,101,93,109,3,124,20,87,5,84,26,120,123,29,81,56,43,27,114,97,19,82,74,44,31,16,107,76,115,17,78,83,108,64,79,91,118,24,106,47,121,125,50,46,49,48,23,117,85,21
123,38,111,14,68,15,2,102,80,98,115,95,105,52,12,22,9,10,94,112,1,4,93,11,41,92,25,54,59,122,116,8,43,58,13,6,114,64,51,55,34,75,90,61,19,96,48,16,99,113,67,18,74,35,28,60,78,82,91,79,87,7,44,33,42,88,53,40,39,36,62,89,37,119,86,30,27,81,65,71,23,77,3,103,124,66,104,70,107,26,69,120,29,110,97,100,63,106,17,118,57,20,109,24,84,72,83,76,121,5,50,108,46,125,73,32,45,101,47,56,21,49,31,117,85
124,37,46,38,68,40,39,61,16,111,11,12,102,25,36,80,77,122,14,44,32,18,115,66,15,59,22,105,8,123,50,47,78,23,94,3,41,69,10,98,55,82,7,1,2,104,85,19,30,58,52,6,60,54,93,118,43,113,91,92,79,114,90,65,81,33,17,64,48,100,120,74,24,71,42,35,75,51,20,21,67,86,62,96,9,13,89,63,34,117,110,45,53,26,112,87,95,101,99,5,109,83,119,4,88,103,28,108,57,29,121,31,76,116,125,107,106,97,70,72,73,27,84,56,49
125,25,46,50,22,40,39,37,19,26,121,102,21,14,47,23,85,115,105,81,89,73,11,92,83,117,54,48,27,45,20,5,67,51,61,70,82,49,69,79,24,87,74,110,16,99,17,56,124,32,63,113,4,68,38,55,120,100,114,106,31,78,60,111,12,7,10,18,64,98,42,15,93,91,90,1,95,66,33,41,52,94,2,103,9,29,62,122,65,59,96,109,35,30,119,13,6,3,75,77,84,101,43,112,116,76,108,118,53,58,107,44,80,97,8,36,123,57,104,72,71,34,28,86,88
