102,111,68,9,105,14,98,38,8,1,39,40,6,41,94,123,35,45,19,21,52,99,10,44,15,13,2,116,112,33,121,75,58,96,73,61,55,12,59,53,62,95,63,60,48,43,104,86,50,11,7,90,100,51,115,30,97,18,119,122,74,114,93,23,47,28,87,72,42,54,88,46,124,80,25,103,91,89,3,79,20,92,56,69,24,65,16,78,125,26,77,70,64,29,36,113,37,107,4,17,67,76,110,106,57,34,5,83,22,109,120,27,32,82,101,118,71,108,66,81,31,117,84,49,85
2,102,68,123,115,34,117,52,96,14,39,40,9,27,8,54,45,94,92,13,4,15,21,95,93,1,53,122,75,48,111,33,6,30,35,58,12,38,80,19,89,10,77,37,91,55,113,44,67,43,82,90,41,69,105,88,47,119,87,11,74,112,23,59,66,51,108,65,26,98,16,104,114,61,7,64,60,106,103,18,3,29,72,109,5,36,78,62,28,85,110,97,79,42,81,63,121,125,124,76,100,107,120,118,50,24,99,46,49,83,20,84,101,86,70,32,71,17,73,31,57,56,116,22,25
3,38,68,15,102,39,40,98,4,36,117,47,59,115,6,89,19,45,122,94,14,37,111,79,57,77,1,34,80,12,65,5,27,43,100,96,58,30,95,105,52,69,8,93,87,41,9,32,92,18,112,2,108,11,72,60,67,44,91,16,97,75,28,10,78,101,119,13,88,33,123,63,61,62,74,55,118,35,110,76,53,23,103,29,104,48,42,120,7,114,109,26,90,85,113,124,86,71,81,24,64,66,20,106,83,82,107,56,99,17,31,25,54,46,51,84,22,50,116,121,125,70,21,49,73
38,4,111,115,68,102,15,96,14,12,2,6,98,1,123,75,112,117,19,94,105,11,30,27,9,59,50,45,58,35,10,93,52,80,53,8,34,62,33,13,88,36,60,64,16,29,21,3,95,90,121,77,113,22,103,37,57,43,100,119,18,87,42,74,65,24,110,79,91,92,41,76,23,82,32,108,97,67,7,86,99,101,106,66,114,5,122,51,55,81,26,69,124,44,78,89,47,20,56,61,120,118,109,104,54,107,71,85,28,83,39,40,84,72,31,63,70,48,73,125,49,25,116,17,46
68,111,5,38,19,15,3,102,89,59,39,40,62,46,115,123,94,12,6,14,2,50,100,98,11,30,10,52,16,9,33,37,67,36,105,27,58,18,77,71,122,28,104,112,95,117,91,44,4,1,92,41,25,97,72,101,93,8,64,88,57,60,80,90,21,29,86,96,53,22,34,113,79,78,99,51,110,119,32,75,69,13,42,35,103,65,47,45,108,61,43,116,54,82,55,76,63,23,120,31,17,74,109,114,20,118,7,26,124,81,106,85,83,24,66,56,84,87,107,70,48,121,73,49,125
6,38,36,115,105,19,68,9,102,10,58,98,93,14,52,1,111,123,59,16,79,96,95,21,91,2,117,80,18,47,12,60,39,40,87,61,15,78,64,11,43,44,62,8,77,122,25,3,22,90,42,116,13,35,113,88,86,75,97,112,55,30,94,114,7,26,108,41,23,100,85,32,109,119,69,4,53,33,65,63,28,57,37,118,74,124,103,17,99,89,20,56,67,46,104,120,72,92,73,110,81,51,5,83,34,107,76,82,54,45,50,71,29,106,101,66,27,70,48,31,24,121,84,49,125
7,38,102,111,40,39,68,89,14,115,12,37,18,80,94,1,47,105,19,62,98,122,8,9,78,6,60,25,2,15,11,77,44,58,10,46,123,82,22,52,65,59,54,43,36,23,79,90,33,55,75,42,91,69,45,41,93,16,114,87,32,53,113,67,3,100,28,35,96,81,66,34,124,95,13,61,63,4,120,97,85,108,64,24,20,92,30,119,86,110,17,51,116,72,57,112,118,21,117,26,88,71,56,27,29,109,5,83,74,103,106,107,76,70,101,104,99,84,121,31,73,125,50,48,49
8,80,52,39,40,58,14,87,122,38,68,123,116,53,1,96,15,42,11,12,35,90,60,7,13,105,25,9,10,98,19,22,111,33,59,43,57,124,94,55,100,2,56,114,37,75,119,41,110,108,26,89,81,6,66,51,23,95,20,120,54,97,28,82,77,72,112,93,113,91,71,29,74,18,3,47,62,85,36,63,27,46,64,16,30,61,104,21,69,32,4,117,73,109,44,65,76,17,102,83,86,99,103,115,34,101,67,78,70,92,24,106,31,79,5,84,107,118,88,48,50,121,125,49,45
9,102,111,105,14,68,96,1,39,40,15,34,52,21,38,75,98,13,59,116,33,35,112,41,8,44,94,60,58,53,28,6,30,47,10,72,2,12,55,97,95,29,103,115,43,62,11,42,19,108,119,99,104,100,89,37,109,26,74,25,91,123,3,4,122,73,86,69,93,90,56,7,18,71,114,110,107,106,63,51,88,54,16,24,27,120,124,92,5,118,85,36,65,80,66,83,64,76,77,87,32,20,84,17,101,57,67,23,113,117,31,78,61,22,79,70,125,81,121,45,50,82,46,49,48
102,10,12,89,111,14,93,68,38,43,94,105,117,45,25,115,22,9,23,21,52,34,39,40,104,95,8,19,16,15,79,37,96,2,91,80,11,27,41,58,82,1,44,62,36,123,59,18,6,4,28,92,119,53,7,98,87,69,30,78,42,97,75,47,114,77,122,60,90,33,108,26,3,116,13,35,64,88,113,120,118,81,74,63,85,32,124,103,65,29,17,101,66,110,109,20,24,99,55,112,83,67,106,51,107,72,100,5,54,71,48,76,61,50,86,121,31,56,84,57,70,125,46,73,49
38,11,115,117,1,123,21,111,19,15,12,14,94,68,95,39,40,9,6,25,98,22,105,96,113,45,34,16,92,93,30,52,82,58,2,102,59,85,10,91,42,26,47,62,35,48,119,80,3,104,18,36,79,41,120,23,8,88,33,114,78,116,44,57,60,61,74,43,118,108,97,81,75,110,71,90,56,13,64,112,7,53,86,4,77,103,101,65,37,83,109,29,87,124,24,5,66,106,69,50,17,46,122,107,51,121,27,32,125,63,54,100,49,72,20,55,76,99,67,84,31,70,89,28,73
12,68,14,39,40,11,21,117,38,1,47,115,44,15,45,19,58,96,93,91,102,59,9,123,22,94,25,80,37,85,105,18,6,34,16,111,95,78,69,48,61,10,23,3,82,60,50,113,98,114,52,2,88,8,26,33,86,104,74,65,119,41,32,81,87,57,118,66,49,29,56,124,92,120,62,43,101,64,30,90,79,36,7,97,55,77,35,108,42,75,109,17,110,99,5,54,121,51,103,24,125,76,107,13,122,20,4,83,46,106,28,116,31,53,67,27,63,112,100,84,70,73,89,71,72
13,98,102,68,39,40,75,96,38,55,44,1,89,34,105,94,9,8,15,35,33,103,12,37,100,111,25,14,122,58,116,112,47,41,6,52,60,115,2,90,28,19,59,11,72,71,62,32,57,53,93,27,86,10,64,77,30,42,104,69,119,95,88,29,108,7,3,87,123,80,43,109,65,56,18,74,63,110,76,91,113,97,114,99,22,26,84,124,106,120,20,66,36,107,67,78,82,16,24,17,79,61,51,5,81,118,31,45,54,4,83,70,92,101,117,50,21,73,49,46,121,125,23,85,48
14,102,9,38,96,45,105,59,52,34,1,117,8,75,94,112,13,35,2,100,116,6,115,44,41,19,61,10,90,95,60,53,55,39,40,29,123,12,72,89,7,42,58,28,33,30,68,119,104,15,98,103,93,37,97,26,91,124,122,88,109,3,62,86,108,47,63,4,110,120,24,74,11,85,43,114,56,118,65,16,106,107,99,18,64,77,54,20,113,66,92,36,83,76,5,69,84,17,67,111,27,80,87,125,32,78,71,31,101,48,23,81,79,57,70,25,22,121,73,21,50,46,82,49,51
15,21,45,59,39,40,38,1,117,47,48,58,12,11,85,34,102,50,115,105,98,52,8,61,30,111,42,9,10,41,44,94,96,19,74,23,26,24,6,33,16,120,35,116,80,60,81,97,3,18,119,82,75,92,29,118,108,104,90,93,110,28,113,51,91,27,7,56,107,83,14,68,62,88,57,55,36,114,87,43,109,37,123,95,125,53,67,124,64,86,101,69,46,78,49,106,5,13,121,79,112,4,63,2,77,103,65,66,76,72,54,99,17,71,100,20,31,73,70,84,122,32,89,22,25
16,115,19,122,111,46,102,89,112,123,95,36,43,100,34,38,55,68,14,94,98,11,28,93,25,105,52,22,9,27,59,30,53,60,45,10,12,87,8,15,3,6,96,13,79,2,117,71,42,1,80,91,23,97,48,4,113,77,57,41,18,99,116,104,69,29,119,21,26,118,72,33,58,62,120,81,7,110,35,82,114,64,67,61,86,90,88,78,92,65,17,47,108,124,5,63,75,83,39,40,56,44,20,103,66,74,32,54,109,101,107,106,37,51,85,76,24,31,50,70,84,121,125,49,73
17,18,68,15,115,37,46,58,16,39,40,102,12,80,77,60,98,61,113,1,44,19,11,7,38,89,10,42,105,122,22,78,25,47,82,124,66,123,79,93,6,90,36,8,23,69,114,118,14,81,120,85,9,94,91,100,50,43,67,2,52,59,41,64,57,32,86,104,20,65,62,63,55,70,92,13,24,96,87,75,54,99,30,53,21,88,33,110,83,26,103,5,119,97,35,108,71,51,109,101,112,29,72,117,34,74,121,45,125,28,106,76,31,107,27,56,48,116,73,84,49,111,3,95,4
18,39,40,38,89,58,68,115,8,37,100,57,10,1,25,12,111,102,19,6,44,93,67,23,52,14,43,94,95,21,22,80,122,9,105,79,92,55,2,77,62,59,34,65,69,7,91,47,113,96,87,53,13,78,117,90,60,123,61,98,82,104,15,16,11,71,45,41,3,28,30,85,29,56,32,4,66,103,119,74,27,88,42,33,116,72,86,63,20,124,120,114,118,112,97,35,110,81,75,109,64,5,17,24,101,26,108,76,83,106,107,31,51,54,99,36,70,46,125,73,84,121,50,49,48
19,111,115,89,16,36,9,95,52,1,6,57,93,10,59,55,94,105,14,102,22,96,11,18,91,43,77,79,58,100,8,68,2,4,60,12,3,15,39,40,42,30,80,38,122,41,113,75,13,29,82,62,25,119,98,92,78,28,90,87,7,97,45,120,27,71,53,112,44,64,88,114,81,72,48,17,23,104,86,63,34,118,74,37,66,67,123,110,103,24,61,50,124,26,35,116,65,83,5,32,109,56,20,108,101,99,117,46,33,106,76,69,21,107,31,70,84,47,85,54,51,121,125,73,49
20,46,58,89,122,9,111,13,8,14,10,68,18,105,95,100,55,57,112,94,38,115,50,15,77,39,40,123,25,61,96,2,91,44,12,22,37,59,33,16,103,75,113,102,48,1,93,98,69,41,7,19,3,52,6,11,32,62,35,54,67,34,120,92,23,26,45,82,88,85,65,99,74,80,4,47,21,36,43,97,24,121,42,81,78,119,116,72,110,63,118,60,28,66,124,109,17,64,70,53,30,56,79,90,114,87,71,108,83,86,104,5,73,51,117,107,101,76,27,31,106,29,125,84,49
21,98,111,15,9,105,38,14,1,32,60,94,115,8,52,6,59,77,12,100,44,96,43,41,10,11,2,68,58,93,95,3,65,90,62,80,103,61,91,45,39,40,25,104,42,86,63,7,88,47,114,75,119,64,87,22,57,33,113,120,30,46,92,54,70,108,23,74,18,56,4,117,24,121,110,37,101,73,51,16,85,29,82,50,49,67,28,125,72,106,53,83,5,17,78,36,124,20,76,48,66,31,118,109,123,81,97,107,79,55,13,35,102,69,71,112,26,116,84,99,19,89,122,27,34
22,25,38,12,115,11,14,105,98,33,123,102,24,59,23,19,113,93,9,94,10,95,35,68,16,1,80,52,82,18,6,30,91,96,21,26,58,62,114,60,120,117,110,81,116,77,78,57,41,43,92,90,42,4,108,88,37,7,119,104,87,83,45,64,86,29,36,39,40,46,13,79,85,75,53,118,47,54,103,100,124,112,8,5,97,55,17,73,50,51,65,63,107,89,66,74,34,101,67,106,20,76,44,71,56,109,122,61,27,72,28,99,2,31,111,70,84,32,69,121,3,125,49,48,15
23,38,15,111,14,47,25,98,12,115,59,123,105,33,11,94,102,22,19,93,95,9,1,80,10,3,30,16,18,52,58,24,68,91,2,96,29,60,6,113,110,41,90,37,75,57,77,62,114,43,92,82,4,87,78,120,20,88,45,119,21,8,108,74,103,7,54,42,64,79,73,36,109,86,117,85,70,39,40,63,83,122,53,44,51,5,101,124,97,72,13,28,46,65,17,76,35,66,106,100,107,56,118,112,121,55,71,81,31,125,67,32,50,89,116,84,26,34,104,27,49,99,61,69,48
24,68,38,111,14,102,33,105,96,112,115,13,75,9,94,98,21,52,100,93,123,15,35,25,11,95,22,59,10,41,19,53,2,12,72,1,55,23,28,16,117,29,92,91,18,3,113,43,6,104,85,80,58,30,4,47,60,103,89,82,45,120,86,37,88,62,90,110,20,97,26,73,114,7,87,65,119,77,121,42,78,39,40,74,64,83,66,32,108,63,124,36,54,8,79,70,109,125,50,44,5,57,17,51,81,118,101,106,46,56,67,71,116,107,122,49,76,31,99,27,84,69,61,48,34
25,38,22,102,12,115,23,14,123,11,105,33,98,19,59,35,93,94,52,9,95,68,10,116,113,21,80,16,1,18,30,58,117,91,6,26,114,47,82,45,104,120,92,60,110,32,42,88,37,62,96,13,43,90,41,108,87,86,119,78,85,29,77,39,40,36,34,7,81,53,24,64,4,103,57,111,83,79,118,75,73,124,5,17,107,101,97,100,65,76,63,89,44,55,71,112,27,8,56,66,67,106,61,20,54,2,74,31,109,122,84,51,72,46,69,99,121,70,28,50,3,125,48,49,15
98,26,102,38,30,14,115,68,105,6,9,111,96,15,93,1,95,2,34,25,52,8,11,94,12,22,80,41,116,59,112,10,13,62,19,60,113,89,75,57,91,4,99,100,16,119,45,33,101,58,7,123,104,77,18,42,92,61,122,120,44,86,88,54,69,27,97,78,35,114,29,70,3,53,109,64,55,36,108,43,67,90,81,103,87,118,48,124,28,63,66,51,17,65,79,107,110,106,82,5,83,32,50,24,20,71,56,74,46,31,84,76,117,21,72,49,121,125,47,37,73,40,39,23,85
68,27,46,30,28,38,111,102,72,36,19,14,33,29,100,37,15,11,59,79,93,10,105,57,98,16,9,95,80,112,12,25,77,2,1,22,52,96,18,43,6,35,94,3,91,99,115,45,71,4,13,60,42,58,8,34,97,41,82,110,56,123,113,75,90,62,78,108,7,114,116,88,87,89,81,86,64,118,103,120,65,67,44,55,119,69,107,109,124,122,106,17,5,32,92,104,26,53,101,66,61,84,20,83,48,76,50,54,31,51,49,70,121,74,63,125,24,73,117,23,21,47,40,39,85
28,68,105,72,102,38,112,15,30,14,98,8,75,100,10,115,89,29,33,53,12,41,43,111,108,52,11,87,94,60,97,6,25,9,59,99,35,73,93,95,13,71,36,77,34,122,58,63,91,39,40,96,16,2,18,109,116,101,104,27,45,19,7,42,31,55,86,44,1,103,23,56,48,88,90,3,78,32,123,106,50,114,61,107,85,62,37,74,26,76,119,69,117,65,47,67,21,5,22,57,113,82,80,81,70,20,54,24,120,110,64,124,51,92,4,118,17,83,121,66,79,46,84,125,49
29,46,102,112,115,72,19,13,30,68,111,55,89,71,34,116,123,1,87,57,95,58,105,10,27,14,2,93,9,16,59,38,15,103,62,52,36,75,61,33,44,92,77,90,4,100,122,91,98,88,109,96,65,25,80,94,78,8,22,60,35,86,99,64,28,104,110,54,43,18,6,11,12,41,37,51,56,66,26,53,107,3,76,32,42,5,47,73,39,40,79,23,63,113,119,7,118,101,117,74,108,106,97,20,81,114,21,82,120,124,17,69,85,83,24,67,31,84,45,70,48,50,49,121,125
30,102,115,1,15,111,92,59,38,93,19,29,105,12,58,27,98,11,95,57,44,14,80,47,91,34,4,94,33,68,113,10,110,9,18,16,25,75,96,22,2,6,88,77,37,35,52,61,3,62,36,60,106,21,118,43,97,42,79,108,78,8,107,85,73,82,114,72,86,53,117,63,32,55,28,81,26,24,112,120,13,23,122,41,5,119,39,40,116,101,103,46,90,17,7,64,124,100,76,104,20,123,67,65,74,83,54,71,56,89,50,121,51,66,69,125,49,31,70,84,87,99,109,45,48
31,68,32,38,37,102,98,104,115,111,105,80,77,15,39,40,19,94,82,69,11,22,1,47,101,25,6,67,33,9,12,99,60,21,36,14,44,58,88,122,117,89,8,90,100,93,10,5,18,34,59,23,85,62,86,35,45,95,63,55,52,41,16,73,91,24,96,87,42,74,48,43,64,51,56,57,123,103,61,54,26,71,2,53,50,114,76,46,79,120,17,7,75,119,65,78,113,97,124,92,4,70,30,121,28,66,116,107,29,3,20,72,27,118,112,81,109,106,13,110,83,108,125,49,84
32,68,38,25,22,40,39,102,37,111,105,15,98,115,88,1,47,101,62,11,14,86,60,90,77,18,100,69,31,44,80,9,36,67,10,94,55,19,12,6,8,103,61,99,52,122,65,87,104,29,89,41,2,79,93,95,59,78,58,16,43,91,64,96,7,3,119,13,17,114,63,84,57,109,124,42,21,75,118,26,116,35,71,123,53,20,97,110,112,28,30,72,66,34,23,113,56,24,4,5,82,81,83,76,108,106,107,51,92,74,54,27,85,120,70,33,46,117,45,73,50,121,48,49,125
33,34,35,38,102,98,122,116,105,62,89,27,108,68,30,12,123,37,59,61,99,28,14,1,9,19,13,60,112,10,44,18,11,88,29,77,107,100,94,87,6,90,58,80,115,3,86,2,52,53,75,65,95,79,96,104,110,42,97,63,103,93,76,47,20,91,26,7,73,16,106,55,114,43,124,84,118,72,64,36,78,17,5,101,41,31,56,4,57,74,66,23,67,8,113,119,45,82,109,32,25,92,54,24,120,71,83,22,15,51,69,50,39,40,70,117,85,81,48,111,49,46,21,125,121
34,35,38,62,87,33,15,7,98,14,111,32,1,105,88,86,9,68,12,19,59,52,109,102,116,6,94,25,65,10,13,11,44,115,58,30,2,123,60,90,96,53,122,61,28,95,39,40,76,108,67,80,29,3,77,75,63,27,41,104,8,112,26,70,89,93,107,18,55,106,91,42,72,101,43,100,118,114,120,110,97,16,124,99,64,119,79,66,22,4,69,78,31,84,103,113,20,5,17,82,57,36,71,92,56,83,81,54,37,51,74,46,50,24,45,21,73,117,47,23,121,125,48,85,49
35,38,34,111,102,105,14,33,68,9,15,98,1,116,61,52,96,59,13,10,94,37,6,12,44,122,47,72,112,60,75,19,8,58,53,11,25,88,2,40,39,41,100,30,63,115,32,28,77,95,62,55,27,104,18,80,90,108,123,93,29,101,97,86,3,87,106,43,89,74,45,84,103,107,42,26,91,7,66,23,65,69,76,79,114,119,124,16,20,118,110,78,67,22,36,4,24,109,17,82,31,5,64,120,99,56,92,71,54,57,73,113,83,51,70,46,121,125,50,81,49,21,85,117,48
39,40,36,38,37,46,68,50,19,79,115,57,102,111,48,10,16,93,15,77,47,45,23,99,95,105,87,1,92,91,9,25,123,6,2,8,90,100,86,94,22,11,122,12,82,52,43,78,58,59,61,44,98,41,88,14,54,64,81,60,7,62,42,69,113,33,80,67,114,117,70,17,30,74,63,4,118,124,96,24,32,65,3,120,34,29,27,35,104,97,18,75,55,89,13,53,83,85,66,110,108,119,28,103,26,112,116,21,5,72,109,20,51,121,106,107,101,76,125,71,49,31,56,84,73
37,38,39,40,44,8,15,12,90,43,11,79,47,98,49,25,113,6,111,80,60,125,115,77,69,1,89,94,14,87,93,23,85,66,59,58,54,51,50,105,95,78,33,56,24,92,7,21,65,9,22,114,42,110,68,81,102,100,2,19,32,122,10,121,35,63,120,18,119,82,76,52,74,91,96,46,75,101,3,55,73,36,117,64,30,16,41,20,106,123,13,62,83,28,116,103,26,88,109,124,31,4,17,108,97,112,104,86,29,53,57,61,99,71,70,107,5,45,34,118,84,72,67,48,27
38,68,39,40,102,98,1,105,111,47,8,44,61,100,15,10,60,122,9,41,7,37,36,62,52,86,18,13,58,19,115,90,69,94,6,32,2,75,89,96,77,21,103,124,45,33,88,72,63,28,35,55,14,112,65,104,12,64,80,123,34,48,17,93,78,97,16,95,116,91,114,53,42,43,20,66,87,50,59,71,79,11,3,99,67,57,46,118,30,54,109,51,125,119,117,56,121,29,26,74,31,107,108,76,4,106,92,85,23,110,5,70,49,27,84,25,101,24,120,113,83,73,81,82,22
38,40,39,98,15,37,111,1,105,44,122,9,36,89,8,12,14,52,60,100,25,94,57,7,75,33,41,10,43,6,47,59,58,79,11,13,19,53,90,35,22,18,69,85,32,87,78,61,72,23,96,103,2,42,56,62,123,66,55,82,21,116,102,88,77,113,97,20,114,95,73,3,17,80,68,45,65,24,63,93,115,112,16,26,54,28,120,30,108,110,46,124,91,81,67,51,29,104,99,4,119,64,109,74,83,76,71,118,106,92,86,101,31,5,70,107,84,117,34,49,121,27,48,50,125
38,40,39,98,15,37,111,1,105,44,122,9,36,89,8,12,14,52,60,100,25,94,57,7,75,33,41,10,43,6,47,59,58,79,11,13,19,53,90,35,22,18,69,85,32,87,78,61,72,23,96,103,2,42,56,62,123,66,55,82,21,116,102,88,77,113,97,20,114,95,73,3,17,80,68,45,65,24,63,93,115,112,16,26,54,28,120,30,108,110,46,124,91,81,67,51,29,104,99,4,119,64,109,74,83,76,71,118,106,92,86,101,31,5,70,107,84,117,34,49,121,27,48,50,125
41,112,68,102,96,34,1,52,111,116,39,40,59,123,58,98,8,37,115,33,15,53,100,72,35,105,38,28,47,13,122,55,104,75,46,14,60,9,97,43,12,103,42,19,117,73,77,26,119,89,10,3,29,57,93,90,30,108,91,36,2,101,94,69,18,16,25,95,74,86,7,11,80,109,87,21,63,56,71,88,114,32,79,64,110,124,65,6,27,54,76,23,85,62,78,51,99,17,113,120,118,81,22,106,107,5,92,4,70,24,83,61,44,82,31,66,45,20,84,67,121,48,50,125,49
42,46,68,14,59,115,102,9,38,111,11,94,8,105,100,57,39,40,117,123,12,60,98,41,2,95,47,30,15,96,19,36,93,112,16,62,77,1,3,50,10,44,74,6,75,7,69,119,113,63,4,86,61,58,37,80,91,32,26,24,18,92,64,114,25,108,43,85,22,65,104,118,33,120,79,52,82,34,17,78,88,81,124,23,101,55,109,97,13,103,110,5,67,73,87,54,35,20,71,83,76,116,53,29,45,90,89,99,106,122,27,72,66,28,70,51,48,56,107,31,84,21,121,125,49
38,102,68,43,98,34,28,15,122,52,112,39,40,8,45,60,96,100,19,35,116,115,16,59,72,53,10,75,41,33,29,97,9,44,2,32,77,18,79,47,103,3,111,13,74,36,80,123,119,25,58,12,23,105,62,93,37,11,22,67,30,46,86,7,64,20,90,101,92,55,78,61,82,91,113,51,6,104,73,1,95,114,108,17,87,21,76,107,54,99,89,56,63,109,50,42,4,124,85,81,65,5,117,88,120,31,94,106,14,48,69,110,118,70,57,71,83,26,84,24,27,66,125,121,49
44,14,9,96,111,11,68,52,38,115,98,112,105,15,59,41,6,60,94,13,1,58,43,10,53,19,12,93,2,55,95,33,45,3,89,80,30,97,91,123,25,37,54,78,104,18,42,103,7,77,16,102,72,47,4,114,119,28,57,100,26,23,71,51,36,61,22,50,118,109,90,99,110,122,101,92,75,21,108,66,65,39,40,35,69,63,32,113,74,31,120,86,79,116,5,88,62,17,76,8,124,46,73,56,24,82,106,121,81,29,83,64,107,27,20,87,117,67,85,70,125,84,34,48,49
68,111,45,98,38,15,9,105,96,115,2,33,12,52,95,10,14,53,30,60,59,97,94,102,1,91,43,16,58,46,18,88,11,37,28,93,99,7,114,101,80,42,36,86,29,40,39,3,61,119,47,62,79,92,87,25,24,82,22,113,44,117,109,26,120,73,21,57,78,74,50,23,31,108,85,4,64,51,72,107,27,69,121,76,48,54,49,17,106,110,83,125,90,5,70,66,65,81,20,56,13,67,104,112,71,124,19,35,89,116,32,103,84,34,123,41,6,118,77,100,63,122,55,75,8
46,68,38,98,105,15,12,10,14,11,22,115,93,102,80,52,18,95,16,43,7,91,59,82,9,94,113,78,90,92,114,96,42,54,25,51,79,88,53,60,1,6,33,41,81,67,57,97,66,62,30,120,110,123,101,124,17,83,29,118,106,8,104,49,121,116,19,77,44,75,119,58,122,108,125,86,61,50,5,65,87,56,64,76,37,71,20,34,26,55,3,74,63,103,2,73,31,109,48,107,40,39,69,35,84,28,85,36,47,32,89,45,27,24,23,21,72,13,100,112,70,117,99,4,111
47,38,40,39,111,115,15,98,12,11,102,19,80,25,1,105,68,9,10,90,37,93,62,44,60,18,94,2,46,61,77,6,22,113,41,52,79,95,32,86,8,124,16,91,36,59,114,14,7,13,42,33,3,122,17,89,65,57,88,43,82,58,50,96,78,64,66,120,92,23,55,119,100,97,20,70,53,30,48,67,75,4,87,104,63,110,81,85,103,29,71,54,35,83,51,101,24,118,45,108,74,5,109,123,21,121,28,76,117,31,106,73,69,26,107,56,34,99,112,49,125,116,27,72,84
48,46,38,15,22,111,23,39,40,98,105,12,14,115,59,11,68,80,47,94,82,102,121,95,85,20,2,79,30,10,50,77,52,21,24,86,78,93,44,74,3,91,114,87,88,18,19,92,113,37,42,125,43,64,73,16,35,116,117,7,49,81,69,4,83,122,123,26,67,51,54,57,118,36,110,61,120,17,66,124,9,65,109,45,62,101,34,106,28,53,70,5,72,97,119,56,108,60,55,13,89,100,107,32,90,71,29,25,112,31,27,41,6,33,96,63,104,76,84,99,1,103,8,58,75
49,46,50,121,125,21,23,39,40,25,37,47,48,45,81,74,73,99,70,1,117,69,22,90,82,85,26,24,56,58,27,20,83,87,92,107,4,54,113,5,101,78,106,31,76,51,44,84,110,28,72,57,63,79,64,97,109,114,71,93,124,65,17,7,53,42,29,66,43,62,80,61,122,91,116,119,16,88,30,75,19,95,67,11,8,52,103,118,2,3,115,123,108,35,10,41,77,94,55,36,18,96,12,112,6,59,86,13,104,60,120,100,33,34,102,9,14,32,15,105,98,68,111,38,89
50,102,38,15,93,11,22,80,94,46,91,92,98,113,78,57,12,25,77,42,121,1,111,44,7,82,54,59,4,115,73,68,79,16,105,88,14,58,125,120,60,51,52,36,114,48,8,6,110,30,81,86,49,10,21,90,95,53,108,2,64,45,118,123,87,104,83,26,66,19,37,39,40,3,106,124,61,122,17,74,43,34,18,23,5,101,116,20,63,69,85,47,107,109,24,56,67,65,35,31,89,28,119,117,71,41,62,76,27,29,70,84,99,97,32,103,72,75,9,33,96,55,100,13,112
51,55,71,100,68,122,19,40,39,57,65,32,56,115,62,7,61,125,69,16,33,18,36,44,2,54,53,10,60,66,8,77,17,37,91,35,86,63,67,78,124,93,1,28,45,52,102,101,114,79,43,123,58,111,73,87,98,75,70,104,64,74,20,50,92,48,46,88,59,25,105,121,47,23,80,94,26,95,89,21,103,109,41,118,85,13,3,107,22,106,90,42,96,4,117,38,76,31,99,84,15,12,30,6,82,27,81,5,9,34,112,108,83,113,119,24,29,11,110,97,116,14,120,49,72
52,102,68,9,111,15,34,115,105,14,39,40,94,96,112,75,8,13,59,38,45,6,41,33,53,35,12,116,98,1,10,27,123,30,93,43,74,60,19,2,46,114,95,103,119,89,23,11,104,92,28,108,4,90,44,26,37,58,47,69,3,100,55,97,29,62,91,42,63,72,86,88,16,7,18,101,78,25,122,109,36,64,5,110,73,54,50,80,32,48,120,76,124,118,99,106,107,22,77,67,24,113,65,81,71,83,87,51,17,82,31,56,20,84,66,61,57,70,125,121,117,85,79,49,21
53,68,102,38,39,40,98,15,12,9,105,111,33,34,112,14,13,6,22,25,44,96,8,115,28,95,52,94,80,45,55,60,93,64,97,75,35,116,73,10,59,88,41,62,90,100,72,19,36,89,103,122,30,18,82,42,11,67,74,69,104,51,46,43,29,2,65,4,114,3,32,1,16,99,7,54,123,113,91,92,120,119,58,81,79,37,56,21,26,108,24,47,86,76,101,77,107,70,63,85,48,61,71,66,109,110,5,78,106,50,31,20,84,17,124,23,27,83,118,87,57,117,121,125,49
68,54,112,100,19,122,13,39,40,10,62,60,75,2,116,77,18,56,44,34,57,115,7,58,102,91,98,86,61,96,93,33,51,63,8,65,17,64,105,69,35,66,1,6,37,124,88,9,95,52,78,67,71,55,114,94,79,46,123,45,50,59,32,30,41,20,80,87,101,36,74,23,111,121,92,28,42,103,104,26,82,25,73,43,22,12,125,107,108,97,109,70,47,53,118,5,85,3,48,106,16,38,90,81,89,76,29,21,15,113,4,119,110,84,11,99,83,27,31,120,24,14,117,72,49
55,68,98,112,29,102,111,15,116,33,75,44,60,53,43,122,38,13,35,71,57,1,28,56,34,72,89,105,41,54,74,8,88,9,2,65,14,27,86,18,90,12,87,100,25,77,39,40,99,58,11,37,103,6,69,62,51,16,59,10,106,32,92,107,80,115,7,30,22,63,26,5,114,76,23,91,19,94,52,109,61,93,70,119,110,82,96,124,47,113,73,123,81,95,108,121,36,66,3,79,42,20,64,78,24,120,17,67,104,83,4,45,97,125,84,118,46,21,31,117,85,50,49,101,48
68,56,111,15,33,79,35,1,39,40,72,116,98,71,101,57,102,115,117,19,48,37,12,47,92,45,76,50,46,104,74,55,28,38,25,30,100,97,51,44,54,9,73,90,8,78,29,109,122,22,60,99,59,77,23,27,34,7,85,123,106,105,86,62,80,64,121,82,52,16,31,70,21,88,69,14,6,11,41,87,58,2,81,66,124,43,89,17,93,65,63,42,32,36,10,61,26,75,114,108,94,3,20,53,4,119,18,120,96,91,112,67,95,113,13,118,110,103,107,24,83,5,125,49,84
57,96,46,68,111,116,75,112,33,1,50,102,98,15,94,72,71,92,28,27,101,3,30,12,74,35,19,37,56,87,42,115,105,23,53,119,26,79,39,40,73,97,48,109,41,8,60,104,51,25,6,107,78,89,80,22,29,100,90,99,11,38,69,59,16,123,62,14,106,108,114,64,58,122,43,82,110,77,20,44,88,70,47,86,31,34,66,81,113,61,63,17,85,9,52,93,55,124,4,91,10,54,36,5,21,32,95,83,18,7,67,118,45,120,2,76,65,24,103,13,125,49,117,121,84
58,102,95,68,43,77,99,19,93,2,10,36,9,8,105,52,18,62,98,122,30,14,123,13,97,91,60,41,6,111,11,94,12,96,112,15,55,4,38,115,16,3,33,35,116,117,47,75,59,50,63,22,39,40,53,100,119,25,7,73,72,113,89,114,90,103,45,78,80,86,20,79,109,32,1,27,88,37,44,71,104,23,42,17,69,61,28,124,29,87,56,65,21,82,120,57,64,74,34,101,66,76,26,110,5,118,67,51,85,31,81,83,108,106,92,107,54,70,24,84,48,46,121,125,49
59,68,45,117,19,39,40,34,96,27,94,47,3,41,91,16,22,75,93,21,62,18,52,116,97,102,43,25,8,23,6,115,119,11,108,58,92,85,104,80,10,87,9,38,12,78,95,79,123,61,74,35,114,13,15,33,98,26,1,44,36,42,60,30,73,105,103,82,37,2,4,32,122,118,54,88,113,109,57,69,28,90,101,120,7,53,81,64,51,99,24,63,111,76,77,83,66,110,17,112,86,20,50,5,107,29,89,124,46,106,65,67,71,55,49,72,31,48,125,121,100,84,70,56,14
89,60,8,45,40,39,122,112,102,61,44,37,36,100,77,47,93,34,18,68,91,30,94,32,80,97,115,33,10,62,59,58,35,98,28,23,55,19,75,22,21,25,71,41,7,78,16,13,42,95,3,103,87,104,69,50,85,105,66,73,11,12,2,92,65,116,111,6,26,124,27,67,96,1,38,9,64,17,117,74,119,57,81,86,82,63,56,118,20,107,99,72,51,24,88,110,15,108,54,5,76,109,52,101,53,90,120,43,106,29,114,4,83,113,31,79,123,84,14,70,125,121,48,49,46
38,61,102,60,68,111,25,105,100,90,115,80,93,14,15,10,94,11,36,95,22,91,12,9,33,113,6,30,59,18,2,98,96,112,41,103,8,86,32,114,28,87,55,42,72,3,122,97,19,92,82,88,62,7,65,123,89,63,78,69,1,77,124,40,39,35,46,104,119,16,108,44,17,64,116,52,81,43,120,58,70,50,4,73,13,20,53,110,26,107,5,34,45,118,79,48,109,29,67,57,74,83,71,54,66,56,106,51,76,49,27,31,84,37,121,47,99,75,101,24,117,23,85,21,125
62,38,37,25,12,80,36,22,19,69,77,87,102,11,18,98,61,48,111,105,10,82,32,86,47,45,88,55,1,2,93,57,50,90,79,60,15,91,94,89,95,7,113,73,46,68,115,109,17,14,44,64,85,28,6,58,114,65,92,23,51,54,124,70,78,9,27,16,103,100,63,24,76,39,40,21,52,104,20,42,67,35,81,125,59,43,117,4,107,3,26,97,41,120,49,71,8,118,123,122,96,66,119,56,53,121,101,30,108,13,29,110,75,106,5,83,34,84,33,72,31,74,99,112,116
63,50,38,46,15,80,98,115,122,77,37,44,68,12,90,111,48,62,61,69,32,65,109,78,102,64,45,22,11,105,6,19,58,1,40,39,54,67,59,43,117,89,25,10,60,21,47,9,53,36,85,27,33,23,55,42,88,86,113,114,70,79,28,20,35,52,73,99,2,41,95,71,4,14,108,101,8,82,34,7,94,100,30,103,87,17,96,24,56,18,72,124,123,16,74,3,66,5,116,76,29,125,31,51,57,13,119,75,91,49,120,81,106,26,112,97,110,93,92,107,104,83,121,118,84
64,38,36,68,39,40,80,115,19,111,79,7,78,37,102,18,82,77,15,98,47,16,10,57,62,12,90,93,43,8,32,105,22,2,50,6,25,23,54,86,91,122,113,45,123,121,60,95,17,9,87,125,88,114,48,104,20,81,49,11,124,55,1,61,66,100,85,24,33,44,41,94,73,103,67,120,89,42,14,92,109,53,35,70,112,46,59,65,69,58,75,3,97,76,4,108,13,51,63,26,83,118,30,28,52,119,110,99,96,5,74,71,21,29,106,72,56,27,84,117,101,116,107,31,34
65,68,50,36,38,40,39,61,1,102,111,77,15,79,55,115,18,25,7,22,12,98,47,105,10,2,11,58,8,6,16,66,80,32,62,100,33,89,82,14,112,95,37,43,93,52,67,60,70,44,78,9,114,48,87,113,90,124,122,86,45,63,57,75,29,91,94,64,19,53,96,59,42,69,41,76,88,109,85,23,3,74,92,119,17,71,21,30,4,103,13,81,51,20,110,97,120,117,54,27,73,35,28,24,99,123,118,107,26,116,56,108,84,104,46,106,83,121,34,101,5,72,31,125,49
66,25,22,122,77,100,55,61,37,44,82,15,33,38,111,102,98,62,60,68,113,123,65,7,8,12,39,40,30,89,78,105,10,115,67,43,57,80,69,23,2,6,24,1,93,14,47,9,11,94,59,35,63,28,64,96,90,18,91,32,99,36,108,19,75,41,79,124,95,109,85,112,120,110,3,16,53,86,71,17,114,121,13,81,56,52,4,88,46,34,20,5,42,50,118,76,87,104,92,103,29,54,97,26,83,45,107,106,101,58,51,74,119,72,31,21,116,70,73,117,84,27,48,49,125
67,68,70,39,40,46,10,15,2,77,38,1,8,36,25,35,22,18,34,115,12,93,80,102,47,30,52,111,11,69,60,98,7,100,95,55,105,123,28,6,66,91,94,88,82,59,9,14,62,19,113,43,16,65,89,32,33,44,13,64,110,79,96,21,114,122,120,90,112,58,42,41,53,86,116,3,23,37,78,17,51,124,92,109,103,81,104,61,54,119,45,27,63,117,108,101,74,83,87,26,4,118,5,31,106,29,20,99,85,97,75,57,71,76,107,24,56,73,84,48,50,121,72,49,125
68,39,40,8,102,45,59,1,38,15,48,52,34,44,10,96,25,75,9,13,105,43,6,53,58,47,111,33,117,90,12,19,85,115,18,60,69,104,35,112,41,116,2,79,88,14,23,27,7,22,16,113,42,91,95,55,29,11,93,36,37,28,30,80,123,87,78,72,3,100,89,119,94,64,122,98,97,63,77,82,62,67,120,99,24,118,26,108,81,124,74,66,46,114,109,110,4,32,61,65,103,107,106,17,121,56,86,71,76,50,49,92,101,5,83,57,20,84,21,31,70,54,125,51,73
69,68,38,111,12,89,15,33,105,25,102,10,62,98,55,94,11,100,60,93,122,22,14,77,59,2,80,67,8,1,43,13,36,113,9,52,32,95,90,6,82,96,42,30,65,41,115,28,123,108,35,58,53,112,7,97,44,19,78,124,114,66,99,86,18,16,88,61,3,37,64,63,17,72,71,70,120,20,34,4,81,87,74,26,91,106,104,79,110,119,54,116,75,47,51,92,57,107,118,29,5,45,73,31,101,83,109,27,76,56,48,103,46,40,39,84,121,50,125,23,24,49,85,21,117
70,38,68,102,15,115,98,12,111,25,7,1,67,78,22,62,16,79,10,34,18,80,88,69,58,105,6,11,82,94,93,8,95,60,59,77,113,64,90,2,39,40,14,44,114,92,9,52,101,122,33,120,61,42,99,87,123,43,96,91,21,41,55,30,19,110,89,3,56,74,37,13,100,51,26,54,28,4,83,45,104,5,109,73,81,117,66,121,63,85,119,118,47,75,53,65,35,23,108,29,97,106,116,46,57,27,32,107,31,103,86,50,124,48,36,24,17,125,20,72,71,112,84,76,49
71,102,111,112,57,29,80,68,38,15,33,79,19,25,115,116,22,72,100,55,98,89,52,1,35,123,9,60,56,28,8,44,94,46,97,75,101,39,40,61,82,90,16,51,119,18,69,77,78,54,53,41,13,30,62,36,59,108,104,86,109,58,12,11,6,122,105,5,74,87,14,45,65,7,113,64,99,42,34,31,88,96,27,43,37,106,110,17,10,3,76,32,26,81,47,63,92,120,4,67,66,24,91,2,20,103,95,107,124,93,114,83,73,118,70,50,121,125,48,84,49,23,117,21,85
72,38,29,98,28,100,15,39,40,116,75,102,34,122,35,89,112,33,45,53,101,80,79,73,99,68,104,93,31,90,59,97,6,43,55,8,37,14,23,48,108,2,47,103,11,63,12,123,117,71,106,85,109,115,86,19,62,42,52,105,76,27,114,25,107,65,88,110,21,92,26,74,18,119,30,113,61,41,64,56,124,84,36,96,10,57,24,13,51,69,58,16,60,120,95,77,91,7,44,94,9,20,22,32,70,1,3,78,111,82,81,17,4,83,5,66,46,54,125,118,49,121,67,50,87
72,73,28,12,40,39,15,122,37,25,113,102,11,33,43,1,97,75,6,59,46,52,114,96,121,22,53,65,58,9,101,60,74,92,42,87,61,41,80,50,30,44,67,70,8,82,45,120,56,79,54,69,85,49,48,31,125,24,64,78,77,4,109,110,63,47,99,36,71,23,108,51,21,107,76,89,57,117,84,93,5,66,27,55,106,20,10,7,17,91,86,94,16,29,124,3,83,18,88,119,118,68,95,100,35,2,98,112,32,62,13,90,111,103,123,14,105,115,104,81,34,38,116,26,19
74,38,98,68,6,44,122,56,43,115,15,102,30,53,57,97,12,11,39,40,65,71,47,54,75,79,67,55,1,9,13,51,50,33,73,121,111,80,94,37,25,36,93,105,14,117,91,92,19,114,78,7,104,100,61,69,18,20,59,99,35,85,28,82,60,89,45,87,66,113,77,16,70,96,22,10,23,42,21,62,86,32,46,52,76,17,101,58,63,95,64,2,109,125,90,123,27,5,81,31,107,124,24,41,110,120,84,119,26,8,49,3,88,29,118,83,106,112,103,4,108,48,116,72,34
75,68,112,55,102,122,96,13,1,116,39,40,52,111,34,33,58,38,98,59,19,89,105,100,47,115,10,41,72,53,62,44,60,35,97,9,8,14,86,28,12,108,90,87,94,95,77,15,103,88,93,27,42,2,71,18,29,21,91,99,32,117,7,43,37,6,11,16,123,80,25,65,3,30,109,36,63,104,64,73,76,119,74,85,110,23,79,124,26,31,101,114,22,84,24,56,113,106,20,78,107,17,120,5,54,82,51,66,67,4,92,83,61,118,70,81,57,69,45,50,121,125,48,46,49
76,68,77,38,9,102,123,37,6,19,105,36,15,25,98,14,93,22,113,94,111,40,39,79,2,11,1,13,56,12,30,10,16,32,71,66,72,90,60,115,51,28,80,96,3,91,33,46,42,100,57,65,43,52,99,78,45,117,58,82,92,4,69,75,122,18,59,35,41,64,95,108,62,119,8,26,55,110,116,53,17,114,21,81,74,104,88,7,34,103,87,120,67,124,101,86,23,5,112,20,44,106,97,47,118,31,29,73,63,54,84,107,83,109,89,85,24,27,61,121,48,50,125,49,70
77,38,15,89,59,115,37,12,43,105,52,96,68,14,10,33,11,21,112,93,100,25,87,1,122,58,91,60,40,39,102,30,95,13,69,98,28,8,53,22,19,24,70,111,104,92,80,61,2,29,9,36,97,41,85,3,16,34,119,47,35,57,6,32,63,62,72,42,18,123,114,71,86,66,103,75,73,124,94,56,54,108,113,82,55,20,78,65,116,67,48,26,4,120,110,79,76,17,44,81,7,90,88,23,51,74,107,101,83,64,118,5,106,31,99,109,46,84,50,125,121,45,27,49,117
68,100,115,60,105,13,36,9,111,52,8,102,44,57,18,38,12,78,14,79,80,89,72,15,71,97,98,41,1,61,2,58,91,46,39,40,93,50,19,43,59,37,33,53,123,25,45,75,34,10,66,6,62,94,32,95,121,54,47,104,11,35,55,69,7,73,63,22,77,114,51,16,4,17,124,96,90,87,82,103,67,20,86,85,113,65,92,48,23,74,28,42,64,122,101,3,76,70,88,56,81,30,26,110,125,120,106,107,118,112,31,119,109,99,108,116,83,21,5,24,84,29,117,27,49
79,68,46,38,102,37,115,50,10,2,54,67,36,80,78,95,93,57,121,91,12,18,94,16,65,22,11,90,77,70,100,25,45,98,43,64,39,40,122,97,62,82,59,48,51,66,73,89,8,53,113,61,15,58,1,23,87,74,4,7,92,75,42,85,63,81,33,125,20,88,17,28,44,24,55,123,86,29,107,111,114,69,120,110,19,104,96,21,99,105,124,6,30,26,35,47,101,56,103,109,32,83,71,5,106,9,118,117,60,72,41,14,52,108,3,76,13,119,49,31,27,116,34,84,112
80,123,102,57,45,60,37,36,61,18,92,91,33,78,7,19,11,115,97,38,79,1,64,12,111,104,105,59,48,87,72,8,35,73,21,47,117,44,6,25,55,22,77,54,98,71,23,9,82,75,15,34,40,39,124,66,121,30,100,74,51,41,56,28,32,43,86,14,17,20,10,4,63,93,95,50,76,94,2,58,65,16,52,85,81,107,26,99,114,88,101,96,108,90,62,3,42,113,125,103,68,29,118,116,110,69,83,46,106,109,31,49,24,120,119,112,5,53,13,67,84,27,122,89,70
81,25,15,22,82,38,113,12,11,85,120,59,111,94,80,6,16,98,24,14,19,115,48,42,1,87,9,23,90,105,93,95,102,88,3,96,114,68,119,45,41,79,26,58,10,92,52,83,18,99,62,69,64,91,30,86,54,2,50,36,78,110,43,51,4,104,118,77,60,74,89,57,123,124,39,40,46,44,5,61,109,7,66,8,17,108,121,20,33,53,13,75,35,63,97,29,107,32,116,101,76,55,34,100,71,49,65,47,56,112,103,67,106,27,122,117,125,21,28,72,31,70,84,37,73
82,102,38,15,50,12,19,11,98,80,1,111,123,81,105,115,58,93,6,94,33,59,37,78,25,79,16,22,54,14,92,9,18,113,68,47,104,42,10,95,52,114,91,90,39,40,24,23,87,96,85,45,41,60,26,43,35,62,2,110,51,21,44,88,3,120,7,117,108,8,64,86,75,30,36,73,46,83,124,109,57,118,20,17,67,65,119,53,74,32,77,66,29,63,103,4,70,101,76,97,55,5,72,13,100,106,28,61,71,99,107,56,121,31,48,122,89,49,116,112,69,34,84,27,125
83,59,14,68,11,52,38,95,9,115,111,96,10,94,16,30,12,25,29,41,1,105,15,22,57,58,18,19,36,40,39,93,80,3,91,123,6,44,102,26,4,2,92,46,98,113,120,117,42,24,81,7,85,5,118,82,119,110,23,21,48,50,8,47,86,104,78,88,108,33,114,101,121,45,79,62,17,90,34,125,54,35,43,66,61,49,87,64,67,69,60,77,124,70,20,109,51,74,37,53,13,73,65,97,32,116,63,75,100,112,55,71,89,106,103,27,99,107,76,56,122,72,28,31,84
84,68,115,59,94,37,15,122,30,33,89,112,34,111,55,87,14,62,61,2,25,102,77,8,44,38,39,40,96,1,60,12,13,36,95,105,29,35,80,88,65,22,98,11,123,32,93,7,6,66,119,64,58,82,86,3,9,103,52,99,100,97,19,110,10,42,28,72,18,53,75,41,114,113,67,91,16,104,116,43,4,108,54,27,120,57,73,78,69,63,47,79,124,46,17,76,20,5,81,90,109,71,92,106,118,26,74,107,51,117,70,83,21,45,85,50,24,121,23,48,101,125,49,31,56
85,38,15,12,113,111,115,14,11,98,37,33,102,105,93,80,22,59,73,77,9,10,117,90,82,68,114,95,94,42,47,24,25,2,58,41,6,43,74,96,120,81,21,78,45,23,70,18,39,40,3,16,91,75,54,79,51,119,30,46,125,67,8,92,88,110,62,4,7,63,121,50,57,56,83,101,17,108,103,60,86,31,65,76,124,97,100,29,107,109,5,20,44,64,71,66,36,32,118,28,55,72,53,87,89,13,106,35,122,52,104,61,123,99,49,84,19,48,112,26,1,27,69,116,34
86,102,46,50,61,98,62,22,68,88,25,36,45,15,38,115,33,79,55,82,44,57,32,111,23,16,29,113,12,76,19,78,65,114,37,1,64,34,18,77,48,66,93,99,52,11,90,105,87,103,81,69,122,91,80,35,54,124,7,58,17,43,20,94,100,42,6,10,95,60,4,9,110,14,120,8,67,85,96,26,63,123,104,28,21,71,59,106,41,51,92,118,47,24,30,107,119,53,13,75,117,2,40,39,84,3,73,83,74,109,56,108,89,97,116,27,31,72,5,121,101,112,70,125,49
87,36,15,88,102,100,7,38,86,19,12,20,109,41,62,39,40,8,32,90,64,123,78,82,69,50,37,48,65,98,105,11,10,122,35,73,14,89,111,80,77,18,22,79,68,93,81,1,95,113,115,17,60,70,94,59,55,125,16,6,33,91,63,23,92,2,52,121,47,9,61,24,44,42,54,96,3,124,25,114,58,75,119,67,49,103,99,51,104,13,97,30,53,120,74,21,116,101,76,57,26,83,43,110,45,112,84,71,108,4,46,118,31,34,56,66,72,5,106,28,29,107,27,117,85
88,68,102,89,46,122,45,15,50,61,86,34,33,22,62,98,55,36,115,82,47,79,87,76,25,44,23,80,57,78,77,65,29,48,114,38,21,104,111,67,64,37,16,81,1,19,18,27,113,11,110,52,12,90,108,124,58,35,30,54,42,91,66,92,85,4,123,116,105,94,32,96,117,95,17,43,103,93,20,119,69,106,6,120,109,59,26,107,5,118,71,100,99,2,8,75,24,63,9,51,101,112,7,14,10,83,13,60,41,74,3,28,31,56,84,40,39,53,121,73,97,70,72,125,49
89,38,95,10,52,75,12,2,105,8,93,77,100,19,91,14,60,3,79,68,16,94,115,97,6,59,71,37,112,55,33,15,9,1,111,39,40,102,18,13,62,122,98,41,22,99,96,29,72,123,120,58,28,35,113,27,7,116,11,104,119,103,45,88,81,53,74,44,90,25,23,30,86,48,20,42,34,82,66,65,43,47,109,26,118,57,110,114,24,63,83,69,5,78,73,107,64,61,124,84,46,106,108,80,17,56,32,36,76,31,51,54,67,87,70,92,121,117,101,125,4,50,21,85,49
90,46,68,44,61,37,100,38,40,39,102,62,69,111,23,65,43,7,6,19,79,25,48,15,32,22,33,123,89,121,8,82,58,28,45,49,80,53,85,20,113,86,87,64,1,11,66,21,125,54,74,26,88,47,35,70,55,99,52,114,24,51,63,41,9,16,81,12,98,77,34,14,94,95,2,78,30,96,117,4,97,72,10,124,18,17,105,109,120,36,119,104,50,73,56,42,116,118,108,107,3,91,83,75,29,103,115,5,93,57,110,13,59,27,60,31,106,92,101,112,71,76,122,84,67
91,98,111,14,38,68,105,15,9,96,40,39,92,12,52,102,19,115,22,6,25,1,79,89,58,37,10,43,45,93,80,117,8,44,13,33,59,94,123,11,41,2,53,95,77,18,34,97,60,36,112,16,75,116,35,69,21,90,27,3,78,30,99,87,48,119,104,55,113,54,4,62,23,47,42,7,122,64,65,114,26,28,101,88,61,29,66,81,32,85,100,74,67,82,72,86,51,17,124,106,5,120,110,108,63,118,20,76,71,103,109,107,24,83,56,57,31,46,73,50,84,70,121,125,49
92,105,58,115,40,39,123,9,98,68,6,34,93,50,1,41,19,95,91,112,10,2,57,77,45,11,8,25,94,96,59,116,22,97,46,75,56,12,36,15,52,43,111,16,37,35,104,14,44,54,18,13,69,38,33,79,90,60,4,87,119,3,53,113,86,101,55,88,23,65,121,7,51,42,61,102,82,26,66,47,32,64,108,73,30,48,114,78,62,99,106,124,80,81,85,74,17,76,109,120,5,20,71,83,118,107,110,31,72,122,24,103,21,100,29,27,28,63,125,117,84,89,67,70,49
117,93,102,58,38,25,123,111,39,40,89,22,95,115,34,12,1,68,2,8,6,19,9,14,21,45,52,98,92,10,94,4,112,80,77,101,75,47,91,105,16,43,62,18,15,78,11,33,66,96,35,108,41,82,48,59,13,65,3,30,64,36,29,119,116,60,90,79,122,113,88,23,97,67,63,26,103,44,32,85,7,69,104,42,37,28,87,86,20,124,100,53,110,17,118,109,114,120,54,81,55,74,5,99,83,24,106,107,76,71,31,51,61,27,50,84,121,72,125,46,73,70,49,57,56
94,45,57,39,40,102,48,21,52,1,111,34,95,47,96,9,19,92,14,4,36,117,11,93,91,123,68,6,112,115,16,105,33,77,10,18,2,8,38,15,44,58,25,3,35,80,116,87,97,98,64,119,75,69,101,42,23,12,26,29,22,99,113,90,32,85,7,122,37,59,28,104,88,62,78,118,114,41,108,63,86,17,124,66,81,100,13,60,109,74,82,103,120,30,79,76,125,65,67,20,83,51,110,55,107,24,50,121,54,89,46,49,5,106,84,43,61,53,27,72,31,70,71,56,73
95,102,117,68,89,43,34,123,115,94,96,21,92,19,12,9,93,39,40,52,1,8,111,30,4,58,6,14,16,29,33,105,18,36,45,23,104,2,98,91,3,87,11,41,112,119,122,42,75,79,77,37,10,13,53,38,88,90,59,113,35,82,69,5,64,67,80,44,62,26,47,65,108,86,78,103,114,15,63,120,118,28,110,32,97,85,7,81,60,101,100,109,24,66,106,83,20,27,76,124,121,17,107,46,72,74,55,99,48,31,50,25,125,54,84,61,49,116,71,70,51,73,22,56,57
96,45,34,8,43,115,14,22,97,37,47,91,6,15,94,36,112,39,40,75,62,9,78,53,61,48,10,58,19,1,27,23,103,68,73,93,7,41,2,80,79,25,105,35,116,69,111,60,11,21,52,95,13,59,44,123,102,32,33,3,12,64,98,110,113,86,119,100,38,117,122,88,77,26,57,18,30,50,85,124,109,74,76,92,16,89,42,51,66,28,82,17,55,90,101,114,65,72,81,54,104,63,118,29,20,120,5,108,99,87,83,4,71,106,49,70,24,56,107,84,67,31,121,46,125
97,68,75,79,96,44,36,39,40,116,38,77,15,37,89,34,73,46,13,8,25,45,22,33,98,12,35,90,66,10,28,1,78,93,19,123,18,91,43,82,7,58,53,69,2,95,51,72,32,111,92,65,61,47,105,41,71,16,114,122,80,115,104,59,100,94,52,60,87,102,101,55,9,74,81,20,11,23,70,27,113,54,6,42,17,99,29,107,112,119,30,56,62,14,21,106,63,109,124,31,120,4,26,64,67,110,103,3,108,86,57,24,76,118,117,88,83,121,50,125,5,85,84,49,48
98,34,75,59,35,33,41,45,60,8,97,72,105,28,58,52,74,71,39,40,55,53,87,102,68,1,9,56,104,111,15,43,14,96,51,30,100,116,29,13,99,57,112,47,107,114,6,92,119,73,122,10,106,91,44,38,21,19,27,125,36,94,63,110,89,62,7,18,103,86,2,42,76,32,117,108,123,115,80,12,88,65,16,124,77,78,66,95,93,69,17,37,31,3,26,64,54,101,20,67,83,61,48,118,24,109,90,46,85,84,23,121,4,5,11,79,49,50,25,70,81,120,82,113,22
99,96,104,52,58,44,1,87,61,67,48,2,73,10,45,50,19,91,36,57,39,40,100,8,38,101,70,68,18,72,64,27,47,89,97,121,86,62,56,113,7,71,15,88,13,28,60,63,115,122,4,55,69,93,25,102,95,94,32,125,106,76,112,43,92,66,75,109,17,29,65,116,111,54,12,31,103,74,6,105,59,5,20,51,85,9,22,53,16,11,98,107,41,80,3,37,26,90,123,42,49,14,23,124,84,119,118,77,114,81,78,82,79,120,35,33,46,34,83,24,110,30,117,108,21
100,102,72,33,25,34,90,122,60,71,15,38,35,44,80,43,56,97,61,55,28,115,37,1,79,59,74,12,104,53,77,8,94,105,78,57,75,98,29,62,13,58,22,30,109,11,99,69,87,40,39,89,67,6,41,23,116,14,113,51,114,42,32,103,112,96,7,106,82,66,68,123,54,64,120,52,19,107,3,81,9,17,18,76,27,65,86,119,63,24,20,88,108,91,26,2,92,36,110,124,10,93,47,95,125,73,4,16,83,118,111,5,45,84,101,31,121,117,50,85,21,70,49,48,46
68,98,38,105,111,104,14,122,80,2,59,15,115,11,100,10,94,9,36,33,96,101,18,13,30,1,95,12,93,77,19,52,41,112,32,25,88,6,123,54,51,37,62,55,16,53,60,86,91,43,7,103,35,57,47,79,119,29,67,64,22,69,5,42,4,71,58,78,3,108,116,90,114,40,39,97,28,102,113,56,61,66,75,46,92,8,124,50,17,109,31,87,65,34,74,70,120,44,72,26,82,23,118,110,48,107,45,76,63,81,20,85,121,73,99,106,21,24,27,83,117,89,84,125,49
102,33,34,112,35,96,45,75,13,52,116,28,53,111,105,103,95,72,2,73,14,9,104,6,60,41,68,97,29,27,30,101,100,65,93,88,55,74,59,10,71,89,4,63,57,56,19,76,106,86,115,36,58,16,1,61,42,98,114,84,26,32,119,91,18,54,51,107,123,108,125,94,37,47,122,7,64,8,3,62,67,109,87,77,17,118,110,24,124,23,85,20,83,5,31,78,66,117,12,69,79,21,40,39,44,80,99,11,121,48,120,113,46,50,15,92,25,90,70,82,43,81,49,22,38
14,98,96,111,103,69,52,53,102,3,38,68,55,60,9,105,89,15,95,2,40,39,100,77,8,41,122,116,13,1,21,19,94,32,44,61,99,115,62,75,18,59,29,30,6,35,80,10,112,33,12,93,117,43,67,72,11,97,42,104,86,91,88,58,65,90,119,64,87,76,28,25,71,109,79,34,37,36,78,47,16,57,108,26,114,63,123,7,27,17,113,20,120,124,5,66,84,56,22,110,4,24,82,31,106,101,23,81,54,107,85,118,92,83,74,51,70,45,73,121,50,46,125,48,49
68,104,102,38,39,40,105,15,11,98,115,99,100,33,93,80,1,111,52,9,41,34,12,94,72,13,59,96,25,44,77,62,57,112,10,14,35,97,66,46,43,122,2,116,95,89,70,28,86,53,91,88,4,19,29,75,47,37,8,6,58,42,22,64,63,103,90,113,18,36,32,92,101,82,108,55,30,119,67,16,114,79,78,69,26,124,5,3,31,17,76,109,60,107,56,20,110,123,106,7,81,120,65,87,118,50,27,71,121,83,51,54,61,74,84,24,73,125,23,45,48,117,85,21,49
105,38,98,9,68,14,102,96,75,111,33,34,59,1,45,52,116,8,39,40,35,21,72,15,13,41,112,94,58,100,53,28,60,55,10,97,117,30,74,104,89,119,6,42,99,43,103,29,11,47,2,12,71,19,44,61,115,69,122,107,26,114,54,51,63,95,77,91,3,25,108,109,93,16,7,92,56,110,86,18,123,90,36,62,88,27,124,106,37,87,80,76,66,118,32,57,24,20,31,70,65,85,64,120,101,67,78,83,5,17,4,84,79,73,125,23,48,113,46,81,121,49,82,22,50
106,38,15,72,37,33,46,122,16,55,58,60,68,94,115,12,102,8,110,28,30,25,40,39,100,104,105,29,44,6,97,22,109,66,98,93,14,52,50,78,123,111,80,41,47,11,59,53,69,18,86,92,1,77,75,62,121,57,43,9,36,87,90,89,13,96,10,79,108,35,32,42,34,61,107,23,113,71,114,82,56,64,95,54,24,2,76,7,112,63,91,4,81,99,124,67,27,19,119,88,116,120,17,103,3,74,5,118,26,31,51,101,65,45,20,83,84,48,73,85,70,21,117,125,49
107,38,33,55,34,108,46,15,30,100,111,58,89,102,44,97,115,98,8,122,56,105,12,50,37,80,123,72,29,62,19,35,109,68,66,60,93,59,110,27,76,11,106,7,77,71,22,91,28,25,75,10,1,16,32,69,2,73,6,9,57,78,121,18,41,65,113,36,101,112,88,92,14,81,45,61,95,114,39,40,42,63,96,90,86,99,67,104,94,4,20,24,54,3,51,53,64,85,17,124,118,120,52,87,79,47,84,82,43,5,23,31,26,103,74,116,83,119,70,13,48,125,21,117,49
108,38,68,57,98,1,58,111,102,109,11,30,19,80,75,59,13,61,105,46,122,10,25,37,60,16,97,22,104,72,95,28,73,110,55,106,100,18,12,112,15,52,77,44,9,39,40,96,33,41,99,36,2,92,119,8,42,7,62,93,107,6,123,113,53,76,91,26,94,4,43,90,71,78,14,89,29,35,56,117,82,79,86,34,66,21,20,116,3,101,24,115,103,47,27,65,85,63,120,69,124,118,54,88,23,64,17,32,114,121,5,81,84,83,125,74,51,67,87,31,70,50,45,48,49
33,38,59,108,102,30,109,68,35,75,37,6,9,80,98,111,58,18,25,56,96,15,28,105,94,12,19,45,97,22,55,44,60,66,57,1,63,42,34,72,10,14,99,39,40,77,8,11,93,29,41,114,88,115,95,2,13,104,100,122,52,32,123,79,103,48,3,91,107,87,92,50,21,119,90,74,65,26,27,89,23,113,82,16,64,78,117,116,61,81,62,86,54,7,43,110,73,85,24,71,118,121,76,36,101,112,51,120,53,124,46,4,17,106,5,83,47,125,20,31,67,49,84,69,70
110,29,46,30,38,115,102,39,40,47,108,111,33,19,93,1,58,34,2,15,22,98,57,105,68,62,12,91,80,77,96,43,88,14,72,106,11,16,10,8,9,94,123,37,18,59,79,87,7,52,107,25,35,95,60,122,78,36,3,65,27,92,75,86,113,4,13,44,112,63,6,64,41,100,71,118,21,101,103,42,114,5,66,109,26,116,117,32,23,17,24,55,90,54,76,82,104,119,61,53,120,124,81,97,73,74,89,85,20,51,67,83,56,28,69,99,50,70,45,48,31,84,125,121,49
111,102,9,14,105,96,1,52,94,34,38,13,112,45,117,8,33,68,6,2,35,75,95,41,39,40,15,30,98,53,10,58,122,123,115,119,29,74,59,28,55,11,104,26,19,90,93,43,108,42,89,47,18,103,85,12,44,24,88,100,64,60,72,86,63,4,114,48,62,65,92,91,120,110,76,16,97,23,5,51,3,7,113,27,118,99,66,106,17,69,109,121,107,36,46,83,77,124,116,80,20,67,125,84,32,71,79,87,54,101,31,81,61,78,70,73,56,37,22,57,21,82,49,50,25
112,68,102,38,55,98,72,12,1,28,15,105,53,86,116,34,89,9,99,87,52,71,43,35,64,90,111,115,44,100,88,58,75,11,40,39,33,6,103,122,25,59,16,13,18,114,19,41,62,77,60,10,61,123,8,104,94,29,27,69,32,22,3,42,37,54,2,91,119,80,63,108,4,93,96,7,84,30,36,78,97,76,106,74,124,110,66,109,67,65,95,113,82,5,81,107,120,26,14,24,17,20,47,79,56,92,57,118,83,117,31,101,70,51,125,21,50,45,49,73,121,23,85,46,48
38,59,117,111,9,25,12,14,115,102,21,15,6,22,45,19,120,123,23,113,30,68,11,95,94,52,1,93,39,40,16,96,50,2,58,85,26,43,4,24,3,41,119,35,81,90,34,110,92,91,82,80,48,10,78,42,8,87,13,60,83,18,64,112,116,54,105,86,98,88,114,47,104,44,33,75,46,37,118,79,61,36,57,89,62,51,7,55,53,63,100,109,5,29,66,103,108,74,65,124,72,101,20,17,97,77,122,106,70,67,107,76,71,99,32,27,28,56,84,73,69,31,121,125,49
114,112,115,46,38,1,102,15,98,111,34,96,19,29,68,105,12,13,2,11,123,22,10,97,25,9,54,33,42,113,53,58,59,43,14,45,52,82,35,44,80,41,28,8,117,40,39,74,6,93,55,85,23,62,90,51,86,47,30,60,71,65,16,56,81,88,95,87,75,7,36,94,18,77,120,57,26,78,104,21,91,64,92,107,63,50,124,66,99,69,109,110,17,122,106,3,67,79,118,100,89,119,20,5,4,103,116,48,32,108,37,83,24,73,101,27,61,70,121,31,84,76,125,72,49
115,111,9,14,96,102,52,2,4,94,112,75,95,6,33,13,15,92,34,105,93,1,35,22,25,123,65,41,68,116,58,12,10,59,91,55,30,85,61,64,11,62,119,38,19,72,114,42,104,54,44,67,50,26,74,98,27,100,23,3,82,29,110,113,122,18,87,60,5,77,16,24,97,120,108,76,106,103,43,125,81,118,69,89,101,73,49,121,37,63,109,53,83,80,86,21,36,78,47,71,8,46,57,45,107,90,17,88,66,79,28,124,48,31,32,20,117,7,51,56,84,40,39,70,99
116,38,112,105,102,98,75,8,1,100,122,72,96,94,58,41,12,28,9,68,60,10,34,53,115,52,35,6,103,2,11,45,30,19,18,62,97,89,14,59,55,95,93,90,61,29,88,80,86,43,13,42,119,99,108,104,36,91,7,67,63,27,16,77,3,71,123,74,114,69,101,110,84,87,65,64,4,76,109,57,124,31,5,56,106,107,118,113,26,20,120,17,66,81,33,92,78,83,15,44,32,51,79,54,82,70,111,37,39,40,21,85,117,24,47,46,23,25,73,50,121,125,22,48,49
38,117,102,11,68,14,25,22,15,80,12,30,100,98,33,16,24,90,75,72,8,120,18,119,88,74,114,45,28,39,40,59,44,47,105,113,77,43,29,10,82,97,4,78,52,41,1,7,60,87,23,86,81,2,21,6,103,79,76,42,62,54,92,108,94,58,110,56,83,111,95,13,9,93,91,115,63,32,123,57,109,112,37,67,19,5,26,66,35,51,124,46,96,65,36,17,71,3,101,85,104,70,118,99,73,121,53,64,89,122,107,27,31,106,55,50,48,20,84,116,125,69,49,61,34
38,68,15,111,59,96,89,14,11,115,3,118,12,25,18,122,105,1,19,60,37,33,4,94,93,102,98,13,9,77,27,95,10,113,116,99,6,16,24,22,100,55,120,58,46,66,30,75,80,61,109,50,35,123,5,52,32,42,45,41,8,90,2,112,91,17,101,36,44,108,110,34,40,39,47,104,43,119,103,63,124,79,92,53,114,82,57,62,7,64,78,67,81,23,20,86,88,65,97,29,69,26,83,106,71,54,107,74,76,28,51,56,31,87,70,84,72,85,121,21,117,73,48,125,49
119,102,14,115,36,111,59,98,39,40,19,68,55,38,95,15,57,117,1,11,123,93,12,52,80,9,34,94,25,6,112,2,3,62,79,105,16,71,10,4,77,69,75,65,58,96,104,91,43,29,13,41,47,97,86,18,42,32,21,88,61,26,60,30,7,72,114,90,5,44,63,8,53,78,116,113,87,64,120,100,35,103,108,122,109,110,118,89,28,101,74,124,76,81,17,92,33,83,54,67,51,22,66,106,20,56,107,24,99,85,37,27,82,31,23,50,84,121,70,125,46,45,49,73,48
21,120,15,36,11,105,38,30,111,117,9,113,19,95,14,22,102,16,115,6,12,59,10,52,8,68,42,3,94,96,25,93,2,91,119,58,1,26,24,23,98,123,110,41,81,85,118,114,80,104,18,57,83,5,39,40,4,86,47,88,13,92,64,60,43,35,116,62,7,82,34,33,61,29,79,124,108,100,90,78,112,75,53,17,74,77,101,97,44,69,55,109,103,87,46,54,66,48,45,63,89,20,65,67,71,106,122,99,51,72,107,27,76,28,56,37,121,70,50,31,84,73,32,125,49
121,46,50,34,102,1,40,39,69,47,21,45,23,115,48,37,85,19,73,125,54,123,81,117,70,83,27,105,92,22,11,118,82,99,51,24,26,49,74,20,80,5,65,107,86,62,64,67,63,56,79,57,25,14,87,110,76,33,90,28,43,12,15,6,31,113,98,38,35,94,61,53,78,119,106,58,59,114,42,93,84,52,3,116,124,96,4,108,111,9,101,75,17,13,66,29,7,30,2,16,95,103,88,44,109,91,60,41,10,112,97,18,8,32,104,122,120,89,68,77,72,100,36,71,55
122,68,38,102,105,15,75,8,11,94,1,100,52,72,41,13,33,60,87,14,10,88,61,55,112,53,12,36,2,96,28,116,59,77,9,89,90,73,58,22,42,95,111,98,70,69,67,35,25,103,34,113,63,32,37,86,57,80,99,62,7,4,66,19,6,110,18,104,119,109,54,92,51,71,93,26,65,124,120,3,84,5,81,20,43,56,114,82,29,123,97,78,115,27,16,76,107,44,31,30,17,83,91,108,39,40,79,64,118,74,121,106,47,125,101,46,50,49,48,24,117,23,85,21,45
123,38,111,14,68,2,15,102,98,115,95,105,52,12,80,112,10,9,94,1,4,22,93,41,11,92,54,59,8,116,122,58,43,13,6,25,82,114,64,51,75,34,55,90,61,19,96,48,16,99,67,18,35,74,28,78,91,79,113,60,7,33,42,88,40,39,53,119,62,36,37,89,30,86,27,65,81,71,44,23,3,77,87,103,124,104,66,70,26,107,69,120,29,110,97,63,100,106,17,57,118,20,24,72,109,84,101,83,76,121,5,50,108,46,125,73,32,45,56,21,49,117,31,47,85
124,37,46,40,39,38,68,61,111,16,12,102,25,36,77,14,80,122,44,32,18,66,115,105,59,15,22,8,50,123,94,11,47,78,41,23,10,98,69,82,55,7,3,1,2,104,19,58,85,30,6,52,60,93,54,118,43,113,91,114,92,90,65,33,81,79,17,64,48,100,120,74,24,71,42,35,75,51,67,20,21,86,96,89,9,13,34,62,63,117,110,53,26,112,45,87,95,101,99,5,109,4,83,119,88,103,28,108,57,29,121,31,76,116,125,106,107,97,70,72,73,27,84,56,49
125,102,105,25,46,50,22,14,40,39,115,37,19,26,11,121,21,47,23,85,92,81,89,73,54,117,83,48,27,45,20,5,67,61,51,82,70,69,49,79,24,87,74,110,16,99,17,56,1,124,63,32,4,113,68,55,120,38,100,106,31,114,78,60,64,7,90,111,12,10,18,42,98,93,91,15,95,66,62,41,33,52,94,103,2,29,9,122,65,109,58,59,96,35,30,119,13,6,84,101,75,3,77,43,80,76,116,118,53,108,107,112,44,104,97,8,123,36,57,72,71,86,34,88,28
