121,23,61,1,115,8,35,110,31,120,12,87,40,21,15,38,39,14,111,58,90,9,59,123,105,98,102,7,82,11,33,24,52,25,60,18,44,26,47,41,78,80,65,48,68,64,124,93,2,10,42,6,30,94,103,32,101,95,122,116,118,77,22,96,104,19,37,13,83,91,46,75,54,81,114,53,86,88,17,16,43,92,112,20,36,3,113,55,89,79,62,57,119,4,63,56,27,45,76,29,97,66,74,5,108,117,69,73,51,99,106,109,70,107,67,100,85,50,71,72,28,49,84,34,125
23,121,115,61,8,2,110,120,87,31,35,12,90,102,7,65,78,64,114,18,59,124,118,123,93,82,60,58,30,17,122,95,32,77,81,111,26,40,24,19,10,80,11,4,94,113,21,16,101,103,1,47,14,89,6,62,36,119,15,79,117,88,83,9,116,42,85,68,52,5,91,54,39,3,112,25,55,20,74,41,104,44,70,63,92,13,51,66,53,105,37,29,57,86,43,33,76,75,97,38,98,22,106,107,69,71,108,109,48,67,27,99,84,100,96,46,56,34,28,45,50,49,72,73,125
23,121,61,3,8,110,120,115,59,31,12,35,87,7,24,90,57,82,118,17,5,60,124,119,78,32,58,65,15,101,18,64,6,81,103,95,77,80,117,25,91,16,20,113,83,76,41,11,102,22,30,4,88,43,93,89,122,19,94,114,26,36,10,96,116,29,74,42,86,9,47,53,97,108,14,52,2,123,13,63,21,98,79,85,104,62,27,109,75,92,111,38,112,28,106,33,105,40,54,66,56,107,67,68,100,84,39,1,44,55,72,71,51,99,46,48,70,49,50,37,34,69,45,73,125
23,121,61,4,110,31,115,120,8,87,35,90,117,118,78,82,65,59,81,58,7,12,24,64,124,60,101,80,30,57,83,56,32,88,18,17,122,42,103,2,26,119,85,5,95,25,94,20,11,22,114,76,10,86,43,47,21,92,91,113,70,79,93,51,77,74,3,36,106,14,102,16,84,19,108,62,67,123,109,89,63,44,69,15,66,40,39,6,46,48,37,97,41,104,29,71,27,50,54,107,111,49,9,33,52,38,116,55,99,75,112,28,1,100,53,34,72,68,13,105,96,73,98,45,125
23,5,121,61,110,120,8,115,31,12,118,35,87,82,59,90,24,7,81,58,60,3,78,32,117,101,83,64,124,119,65,4,113,20,17,80,57,56,63,103,88,6,15,76,27,22,114,86,26,30,25,42,18,85,95,47,91,106,19,36,77,62,79,84,92,109,11,41,102,29,74,71,122,21,108,16,2,123,54,66,116,53,10,104,9,93,99,51,89,97,52,112,43,67,1,48,49,45,111,40,13,107,70,14,75,28,94,46,33,44,98,72,96,38,100,34,55,105,69,68,50,39,37,73,125
23,6,121,8,115,61,110,120,12,87,78,31,35,18,82,65,7,47,80,59,90,15,111,102,60,113,64,9,32,119,25,38,91,11,62,14,58,95,24,21,22,77,40,79,10,101,30,124,81,93,94,2,103,98,88,86,114,36,105,96,3,118,1,16,26,5,19,4,42,83,52,63,54,85,43,41,117,57,123,68,17,33,97,37,122,104,116,44,39,53,13,75,51,92,20,89,109,46,74,67,55,108,112,76,56,99,34,29,100,66,107,70,106,27,73,69,28,48,50,49,71,84,72,125,45
7,23,121,61,8,115,110,120,87,31,65,124,12,18,90,58,60,118,78,80,35,64,82,32,81,117,47,114,17,83,59,54,101,10,24,113,36,91,57,79,102,77,122,19,16,103,20,51,3,123,1,97,42,119,11,93,95,55,2,63,109,56,89,43,38,50,30,92,62,26,21,66,86,41,25,76,6,48,68,5,53,15,13,100,22,85,4,98,106,88,40,105,46,27,9,74,52,67,94,39,96,108,75,111,71,116,107,70,37,29,104,69,28,72,14,45,33,112,99,49,44,84,34,73,125
8,23,121,61,110,31,120,115,87,35,117,9,47,111,24,116,60,41,13,82,77,21,40,7,122,105,12,18,32,6,52,68,10,65,90,89,59,78,39,118,101,58,124,43,75,2,53,94,55,81,123,83,1,103,88,15,102,113,114,64,20,74,25,96,95,57,37,19,91,93,22,56,97,100,80,36,76,66,4,63,17,72,3,119,98,69,30,85,5,79,27,108,46,29,62,26,99,112,86,106,33,14,28,16,92,54,67,109,71,73,51,84,42,104,11,44,38,107,48,34,49,50,70,45,125
9,23,121,8,61,115,21,35,14,110,111,105,120,31,102,15,87,52,1,40,47,82,90,116,12,75,25,39,7,11,38,24,13,41,96,59,81,60,78,123,80,118,98,18,2,68,58,101,6,32,124,114,53,42,103,104,77,112,30,83,64,33,94,91,57,22,65,113,85,86,89,43,88,4,10,122,37,93,20,99,56,79,17,36,55,97,28,95,117,62,16,63,100,46,29,108,26,92,74,106,69,5,72,66,73,3,44,54,19,119,51,109,76,48,70,27,107,84,71,34,67,50,49,45,125
23,10,121,8,61,115,110,120,87,31,59,58,7,78,35,60,18,90,102,118,82,32,16,12,11,80,91,77,6,95,47,124,19,101,93,94,111,36,64,14,81,9,114,103,52,2,42,30,15,105,17,68,1,89,4,79,123,65,113,40,24,3,26,41,5,116,53,97,104,39,88,13,92,119,96,122,98,112,20,43,54,33,22,83,27,25,29,51,117,57,106,56,28,108,76,75,85,63,45,74,100,44,99,86,55,107,109,69,67,66,72,73,38,50,62,34,37,71,48,46,21,70,49,84,125
23,11,121,61,115,8,12,120,110,31,35,59,25,15,22,82,87,113,80,90,6,95,102,30,42,81,78,94,47,93,18,91,58,21,38,32,111,16,9,14,7,26,10,60,19,40,96,92,118,105,24,123,36,88,3,101,52,98,1,103,86,77,48,114,33,124,2,64,62,57,119,5,41,65,104,68,39,116,17,122,43,46,44,83,108,4,85,97,45,79,37,71,56,34,89,53,13,20,29,54,112,117,69,51,100,74,76,75,99,107,66,70,67,63,72,109,106,50,55,73,27,28,49,84,125
12,23,121,61,115,8,120,11,110,15,113,59,87,31,25,22,82,35,80,58,90,78,102,38,47,6,111,93,18,60,19,91,1,81,21,40,10,123,114,16,32,98,9,7,30,94,14,64,42,105,95,96,26,39,118,124,101,3,33,44,103,119,77,48,52,24,36,2,88,86,65,68,41,45,37,5,117,57,74,104,4,92,51,17,29,54,116,122,62,56,13,43,76,20,83,53,79,34,109,89,97,50,75,66,85,108,99,46,69,63,107,112,55,67,106,28,27,100,70,49,71,84,72,73,125
13,23,121,61,8,110,31,115,35,120,87,116,103,82,78,118,102,75,32,124,89,7,86,90,64,53,81,24,101,12,114,14,96,41,18,65,2,60,58,112,59,9,88,104,55,15,98,43,105,91,117,77,17,83,52,122,80,113,54,27,97,20,84,26,76,123,111,71,74,92,51,119,94,56,66,107,57,33,4,63,30,42,62,5,95,47,28,19,1,106,22,68,6,100,3,67,37,69,72,25,36,29,79,108,10,109,16,11,39,38,93,44,40,99,70,21,85,34,48,46,50,49,73,45,125
14,23,121,61,115,8,35,110,120,111,9,31,96,59,87,40,52,82,11,105,90,15,102,117,95,12,123,93,94,116,26,58,47,39,81,60,2,98,41,1,7,80,13,6,44,32,18,77,124,91,30,3,42,78,103,75,38,112,68,33,22,53,101,43,122,86,114,118,97,104,34,89,10,64,57,88,24,16,85,54,36,119,113,71,4,65,5,19,56,17,29,83,20,92,66,62,55,100,48,74,106,72,108,25,63,107,99,37,51,79,27,28,69,76,46,67,109,21,70,50,45,49,84,73,125
15,23,121,61,115,8,12,110,120,38,59,31,35,87,102,98,11,82,25,22,111,105,58,40,9,117,90,113,14,30,1,80,33,19,114,47,32,18,78,6,60,39,81,7,21,24,101,68,42,48,10,118,16,52,41,36,103,124,3,123,57,56,119,94,85,96,116,64,91,26,86,88,77,93,95,65,34,74,4,43,104,37,5,97,54,29,20,44,89,2,53,83,122,51,17,108,13,45,92,75,76,28,55,46,62,112,106,66,107,100,79,99,67,63,50,72,109,49,27,71,70,69,84,73,125
16,23,121,61,8,110,120,115,12,31,87,59,58,118,82,7,57,81,35,78,32,18,11,64,80,95,90,124,10,60,65,36,19,91,79,101,47,113,15,6,88,102,94,119,17,93,25,86,30,29,4,77,3,62,83,22,24,21,26,20,42,27,5,117,114,56,103,41,43,85,54,111,2,92,66,123,40,14,52,48,76,9,39,71,38,104,37,68,108,106,46,63,96,1,67,51,105,97,44,33,55,74,107,109,98,116,89,13,53,75,99,100,112,122,50,72,70,49,34,28,84,45,69,73,125
23,121,61,17,8,110,120,115,31,124,87,118,78,90,12,64,7,35,24,65,83,81,32,82,60,18,20,57,59,101,117,58,80,63,36,77,103,62,91,47,86,113,119,79,25,114,122,88,15,11,22,66,48,95,5,19,100,93,76,54,26,30,102,89,3,104,16,27,4,56,10,6,13,123,21,43,92,40,39,2,51,41,108,94,109,85,53,75,55,1,37,67,111,70,68,116,50,44,69,33,49,106,97,71,9,96,29,107,14,112,52,98,38,99,105,42,84,45,46,34,74,72,28,73,125
23,18,61,121,8,115,110,120,31,87,7,78,32,65,35,90,59,57,118,12,60,58,82,124,17,80,81,19,64,95,47,101,16,10,91,103,11,56,102,5,79,62,88,86,119,89,15,36,20,3,6,93,94,114,25,30,77,122,42,123,40,48,71,63,24,111,38,2,1,117,68,26,43,55,4,96,100,13,53,39,52,74,104,27,9,54,66,76,29,14,41,92,116,75,33,108,83,109,105,98,45,113,67,44,22,106,85,97,112,107,46,51,69,21,34,70,84,37,99,50,49,28,72,73,125
19,23,121,61,115,8,110,120,31,87,16,12,118,36,32,57,78,90,35,59,18,7,82,15,58,81,60,11,102,77,80,17,124,91,47,101,42,113,64,95,111,10,94,43,86,123,88,68,48,103,79,89,65,30,93,3,26,29,104,6,27,5,62,40,24,114,4,14,38,96,122,2,66,56,20,119,98,9,1,52,97,54,22,25,105,83,92,67,63,116,117,13,39,33,53,44,41,37,71,55,75,108,45,76,112,46,50,106,100,107,72,34,109,99,28,84,51,85,49,69,21,74,70,73,125
23,121,61,20,8,110,31,120,115,47,87,82,118,117,35,58,83,124,64,60,24,90,78,81,32,65,57,7,63,12,17,101,48,25,122,77,22,21,89,37,49,79,18,103,66,59,27,85,74,39,88,30,62,36,80,113,56,76,5,108,114,86,6,50,100,99,43,46,91,54,3,15,92,26,16,123,53,69,67,119,41,19,106,13,40,102,104,97,4,109,42,70,29,111,10,75,116,44,93,73,55,95,9,112,1,2,72,51,28,98,107,84,68,96,33,45,52,34,94,38,11,71,125,14,105
21,23,121,61,31,102,110,47,39,25,8,120,38,117,87,37,40,115,82,35,56,85,45,49,22,24,101,83,70,81,46,12,50,78,118,64,90,20,124,76,57,63,65,104,73,96,48,30,18,28,80,77,103,106,122,92,15,100,60,89,67,17,114,7,113,33,72,119,5,58,32,125,6,36,59,109,54,108,116,11,62,74,19,26,91,13,51,9,41,79,112,3,111,14,84,107,43,94,98,4,42,93,95,123,34,55,66,71,2,10,105,52,88,86,27,29,1,97,75,99,53,44,16,68,69
23,121,22,25,115,61,120,8,110,82,87,12,31,24,35,59,117,58,11,15,21,50,90,47,113,30,32,46,81,77,57,78,83,101,118,80,18,7,60,6,37,64,36,102,93,16,119,19,114,5,92,88,124,95,42,1,26,111,85,39,86,10,65,94,103,20,38,91,45,108,44,17,3,14,123,33,4,40,56,79,52,29,62,2,122,9,104,96,41,54,105,76,74,63,116,49,43,48,53,106,67,66,51,97,98,13,68,89,75,73,71,107,112,100,70,27,109,34,55,72,99,84,69,125,28
23,121,61,8,115,24,87,110,31,120,117,21,83,82,12,25,47,85,58,59,90,49,35,22,37,78,60,32,101,18,30,15,64,80,20,81,7,118,57,113,108,6,39,65,73,11,124,46,40,33,114,77,50,86,103,88,56,5,70,45,17,36,48,93,63,119,74,1,104,29,92,106,16,122,79,76,51,4,44,54,62,89,109,66,95,102,111,94,26,14,91,13,67,116,75,3,125,53,112,2,19,10,42,52,43,123,71,38,107,97,96,105,100,55,72,41,98,28,27,68,84,9,99,69,34
24,23,121,61,8,117,110,115,120,31,87,35,83,82,21,90,12,85,15,58,47,59,78,60,32,49,81,20,65,102,124,25,64,22,7,18,118,101,77,86,80,40,37,33,88,103,14,113,57,19,39,63,36,111,119,9,95,105,10,13,6,75,5,3,17,91,16,43,30,123,122,38,56,74,62,53,89,26,29,2,114,108,4,98,45,112,68,116,73,52,1,76,100,11,46,97,42,48,41,55,109,72,96,79,50,44,70,104,66,106,67,54,94,51,71,92,107,28,125,27,93,84,99,34,69
23,25,121,22,115,61,8,120,110,31,82,12,87,21,35,59,58,47,11,117,24,90,32,15,113,81,101,30,78,46,18,80,60,93,7,6,118,37,77,1,102,83,57,64,94,39,36,38,40,95,52,10,65,19,92,119,45,114,50,124,88,16,85,33,26,91,111,14,5,9,103,44,86,20,42,29,17,123,96,3,2,4,56,122,108,105,116,41,104,79,62,54,76,43,49,98,63,74,53,106,66,89,68,48,51,71,73,75,67,97,109,13,100,107,112,84,28,55,72,27,99,70,34,125,69
26,121,23,61,115,8,110,120,87,31,12,35,58,118,90,78,59,81,64,7,57,60,82,124,32,101,65,15,80,91,88,92,18,104,114,93,11,122,42,95,17,102,103,27,25,19,5,86,94,62,123,4,77,97,20,24,113,56,3,48,30,63,79,52,1,54,10,107,83,44,29,119,2,43,22,96,99,67,89,16,6,51,36,100,66,116,33,106,53,41,14,108,111,109,49,45,76,46,69,98,105,13,38,117,50,9,47,34,72,71,37,28,75,68,40,74,39,112,84,55,85,70,21,125,73
121,27,23,61,110,31,120,8,115,35,58,59,87,83,118,60,82,7,64,12,81,78,101,57,103,124,32,28,80,30,89,20,99,5,65,26,90,29,56,122,45,117,18,88,17,76,24,113,86,84,106,109,107,16,62,36,72,19,48,70,112,102,34,63,123,53,47,119,108,97,100,3,21,91,50,52,95,49,11,114,4,13,71,22,79,93,96,116,75,67,37,40,44,43,25,42,92,6,54,1,10,15,2,66,33,104,74,55,69,77,9,41,111,98,14,51,39,94,38,85,73,68,105,46,125
28,23,121,61,31,8,110,120,72,87,115,117,35,56,60,58,82,7,100,12,24,57,124,21,32,103,122,76,118,75,101,89,47,112,90,65,78,43,116,97,81,83,27,53,106,59,73,41,49,64,29,107,13,63,88,48,86,45,17,62,18,71,77,20,113,51,9,36,109,79,52,5,26,91,16,114,80,74,30,55,104,19,2,22,70,119,42,99,93,39,92,68,3,123,95,69,33,40,102,37,111,10,96,34,105,4,15,66,85,6,14,44,108,46,67,54,11,84,1,94,50,38,25,125,98
23,121,29,61,110,8,120,115,31,87,35,12,24,117,118,59,90,78,101,32,58,30,81,65,88,124,82,57,72,60,114,7,64,103,27,71,85,86,18,47,80,56,19,4,21,76,95,74,119,77,106,102,112,83,20,63,55,26,36,16,17,75,107,25,5,113,6,15,9,79,73,3,62,111,10,40,37,43,94,11,91,41,14,33,109,97,42,116,89,108,39,2,123,53,66,13,104,46,93,68,92,96,22,54,38,51,52,1,67,122,70,99,100,28,48,98,44,105,49,50,69,84,34,45,125
23,121,61,30,115,110,8,120,31,35,82,24,12,87,59,117,90,15,32,108,25,118,101,78,22,60,83,20,102,57,7,58,75,18,81,113,77,65,36,47,103,124,6,80,64,42,114,10,119,33,37,17,21,106,11,122,4,3,111,2,19,26,9,63,5,56,116,95,105,76,52,86,85,62,88,38,14,96,93,89,98,40,53,46,92,68,91,74,79,16,71,41,39,107,29,1,73,43,123,27,28,34,66,72,112,13,97,54,104,94,44,100,67,55,69,51,50,49,84,48,109,99,70,45,125
31,23,121,61,8,110,120,115,87,35,101,32,82,118,124,24,78,90,60,12,58,17,57,81,47,7,5,56,117,59,65,18,103,64,20,88,86,76,83,21,63,25,85,6,104,27,114,73,122,77,113,62,119,22,43,102,36,30,106,89,92,70,53,16,42,97,107,51,26,45,3,95,69,91,67,74,4,116,66,49,75,15,13,41,29,71,100,28,44,48,99,79,40,39,93,55,9,112,94,10,109,1,46,33,108,50,72,2,52,34,14,19,123,111,80,96,38,11,68,37,98,105,54,84,125
32,23,121,61,8,110,31,120,115,87,35,7,65,60,90,18,78,103,124,118,12,58,82,17,101,62,57,47,64,86,3,80,77,100,119,81,24,59,36,40,88,89,122,20,102,79,63,19,39,113,91,66,117,6,30,76,83,16,5,15,22,93,11,56,4,38,10,13,95,55,96,25,114,42,26,116,84,54,104,33,29,71,109,92,111,98,68,53,51,97,37,94,106,1,108,123,9,41,14,107,75,21,99,112,2,43,69,27,52,28,105,46,44,85,34,48,72,74,49,50,67,70,45,73,125
33,61,23,121,8,35,115,31,110,122,34,87,120,60,123,12,114,82,103,32,81,53,90,58,75,13,15,101,7,59,52,102,104,18,100,43,64,77,3,89,10,27,80,113,106,17,14,98,26,41,57,65,124,96,105,30,78,20,112,118,56,108,117,2,91,66,40,9,95,54,116,119,11,5,24,93,97,71,107,19,51,92,88,74,86,36,83,42,1,76,62,68,29,6,16,28,79,109,99,67,111,44,72,39,47,37,38,94,25,4,73,22,70,55,21,85,84,48,46,63,49,45,69,50,125
34,121,23,61,35,115,8,110,31,87,33,120,32,81,118,12,98,102,82,30,59,103,14,7,60,52,116,9,101,123,104,90,80,112,111,78,13,2,122,88,105,65,27,53,76,77,57,124,64,113,26,15,86,56,47,72,117,109,68,63,58,97,114,108,106,94,89,67,43,93,55,107,96,95,69,42,91,4,29,20,54,19,28,17,70,18,83,16,62,66,5,71,39,22,75,3,48,92,84,50,38,40,119,49,100,11,36,79,46,99,37,41,21,25,10,85,6,51,24,1,44,74,125,45,73
35,23,61,121,8,115,110,120,31,87,34,24,33,12,15,82,9,14,102,116,32,81,52,30,58,105,90,40,78,60,59,2,103,124,98,26,80,122,118,19,111,83,13,1,101,7,41,113,112,77,88,75,11,95,94,86,96,123,64,93,91,65,104,16,68,18,57,20,108,53,42,117,10,17,38,39,114,97,119,43,89,3,4,92,54,6,29,47,22,56,62,107,76,37,63,100,72,5,36,79,85,74,71,25,66,27,69,106,51,28,67,44,48,55,84,109,70,49,99,46,73,50,21,45,125
23,121,36,61,87,8,115,110,120,31,78,32,82,7,57,64,12,58,117,18,90,65,24,118,47,60,124,17,81,83,79,77,35,80,101,59,122,6,16,102,91,25,27,21,88,22,56,95,10,85,103,93,76,68,113,39,114,15,3,11,63,5,89,43,20,40,54,19,42,119,62,1,109,2,29,116,104,111,66,46,97,4,44,106,86,69,123,71,92,13,96,51,14,30,107,100,52,9,26,94,41,50,38,99,53,75,67,84,112,45,28,105,55,48,98,108,70,74,33,72,49,73,34,37,125
23,37,121,61,115,8,31,87,110,120,39,47,35,40,25,90,22,12,117,21,44,15,24,58,46,82,83,101,32,78,49,102,81,80,65,60,113,77,30,118,33,59,11,124,7,18,85,57,64,111,99,20,14,26,27,122,36,6,69,103,17,104,56,19,50,119,16,125,48,123,38,29,5,89,93,86,96,1,114,79,92,88,76,73,3,94,84,63,52,74,105,4,43,42,2,54,91,108,116,98,95,68,13,10,9,71,109,51,112,62,41,66,106,67,53,75,55,100,97,107,70,28,72,34,45
38,23,121,61,115,8,12,15,120,110,40,35,31,111,21,39,87,25,47,82,90,102,1,18,105,59,117,6,11,7,58,14,78,60,32,93,48,9,68,123,80,81,33,16,98,101,19,124,91,26,22,122,65,64,10,50,89,44,34,113,103,2,118,30,95,96,77,94,116,24,52,17,104,57,114,83,37,86,29,85,119,20,41,88,3,42,13,79,54,43,92,45,62,97,100,63,4,112,75,53,56,46,66,69,67,99,76,51,108,74,5,36,71,109,107,106,27,55,70,49,72,28,84,73,125
23,121,40,61,39,8,87,47,31,110,120,115,90,38,12,122,35,37,24,82,7,32,60,58,78,85,117,18,98,65,124,1,21,80,101,116,103,44,118,57,13,64,111,81,15,36,113,77,105,91,96,17,25,102,123,114,30,83,20,89,88,56,9,33,10,79,22,2,14,62,59,6,11,3,86,46,41,42,93,52,100,112,45,104,66,92,97,75,43,53,109,119,67,63,5,54,4,76,26,99,106,108,19,95,107,94,16,51,27,68,74,29,55,48,84,73,71,72,50,69,34,70,49,28,125
23,40,39,121,61,8,87,47,31,110,120,115,37,38,90,24,7,82,85,35,117,32,12,60,98,89,65,18,58,78,1,21,44,116,80,103,118,25,124,113,59,105,64,81,13,83,111,36,122,104,15,77,22,96,102,17,101,20,88,91,46,79,52,11,62,9,57,14,42,93,53,112,41,6,3,92,114,123,109,45,56,4,43,19,66,33,67,2,75,54,106,76,10,119,63,99,108,86,30,5,95,100,94,97,26,51,107,68,84,16,55,29,74,73,50,27,71,34,28,48,49,69,72,70,125
23,121,41,8,61,115,31,110,120,87,117,35,57,78,12,24,82,90,21,56,7,9,101,60,59,116,124,32,58,65,118,102,47,111,18,13,15,75,40,64,114,77,6,39,119,81,53,122,105,103,43,98,83,17,38,25,113,68,74,80,86,3,89,97,52,91,79,28,62,14,2,108,55,63,94,76,112,22,20,88,16,30,19,36,92,106,4,95,69,5,10,109,100,123,27,99,93,29,72,37,33,85,71,66,1,11,51,46,54,26,67,70,42,44,104,73,96,84,48,49,107,50,34,45,125
23,121,61,42,115,8,120,110,31,87,12,59,82,35,78,60,58,81,7,65,64,90,118,101,113,57,124,32,80,11,18,56,15,95,26,47,14,77,119,17,22,25,102,122,36,83,16,93,5,40,24,4,103,50,30,39,91,104,19,3,62,69,94,114,27,88,76,10,123,2,6,44,92,33,20,86,9,63,96,46,52,54,43,97,117,67,37,68,1,38,98,105,116,111,41,112,106,89,51,79,66,70,29,74,109,53,71,99,100,45,107,21,108,73,13,75,48,34,49,85,55,28,72,84,125
121,23,43,61,115,8,110,31,120,87,90,12,35,64,78,80,60,114,117,58,74,86,7,118,24,82,102,88,32,73,53,81,59,97,123,101,54,51,83,124,2,28,18,48,113,104,91,15,6,11,92,52,20,96,22,112,77,72,103,122,46,69,17,116,47,70,95,79,65,42,106,111,99,19,76,30,36,63,109,9,13,85,119,25,55,26,27,37,5,38,56,62,94,1,14,44,66,107,10,33,21,41,93,39,29,3,57,100,105,16,75,50,4,108,68,40,49,89,98,34,71,45,67,84,125
121,23,61,44,8,31,115,110,87,120,47,39,24,35,90,58,82,37,40,60,7,117,12,59,65,57,32,64,118,81,124,78,48,56,101,80,50,70,73,83,99,113,1,38,18,77,76,45,122,96,17,68,46,20,27,103,52,25,79,88,63,30,21,86,74,36,106,108,72,125,102,55,26,5,71,119,11,109,53,51,22,97,66,42,107,114,49,100,19,92,41,69,33,62,123,104,89,116,67,75,15,54,93,29,91,28,43,85,4,112,3,14,95,10,34,16,98,94,6,105,111,13,2,84,9
121,23,45,61,8,115,87,31,110,58,120,64,49,48,35,60,59,12,99,78,24,83,32,90,117,101,82,7,18,73,65,62,89,56,33,81,57,38,47,20,113,125,118,122,69,72,74,76,70,88,44,25,96,21,40,50,86,27,114,26,98,15,28,39,124,30,92,68,79,77,1,97,17,22,36,37,46,63,43,85,116,102,109,54,29,4,119,51,84,80,42,103,107,67,52,5,11,53,14,6,106,108,55,10,19,2,66,112,111,13,3,93,71,95,41,91,105,16,94,100,75,123,104,9,34
121,46,115,23,61,8,110,31,120,49,87,125,82,50,48,12,35,25,24,78,117,90,47,21,83,81,57,22,58,101,32,7,64,15,59,60,65,20,118,56,39,124,89,102,122,27,113,80,62,85,86,88,103,104,99,18,77,37,63,52,79,11,36,17,30,45,26,114,5,44,123,92,40,51,73,6,119,54,1,76,19,16,66,106,29,9,96,38,97,70,93,42,67,34,74,33,95,100,53,107,91,116,98,69,43,108,84,75,71,94,13,10,68,41,112,72,109,111,105,55,28,14,3,2,4
23,121,47,61,8,31,110,120,115,87,21,39,117,37,82,48,40,35,20,24,85,78,58,25,7,64,49,12,60,32,124,83,59,80,90,65,22,56,77,70,81,101,118,18,57,46,103,63,36,67,17,76,79,6,50,62,33,51,44,113,5,102,30,66,86,89,15,53,88,10,109,38,125,74,19,123,54,43,114,26,68,122,96,45,104,11,116,119,97,29,69,27,13,107,14,1,108,106,84,55,75,100,72,71,9,42,73,105,112,4,41,92,91,3,95,16,52,93,99,34,98,94,111,28,2
121,23,61,48,49,8,31,117,110,87,24,82,115,125,120,21,47,90,64,83,32,81,118,35,58,65,101,7,85,60,12,78,80,70,50,57,56,20,46,59,124,123,89,18,37,79,19,27,102,17,99,11,39,77,40,122,76,103,62,104,25,63,54,113,16,26,22,6,91,33,86,51,119,36,93,116,66,10,114,92,14,1,30,69,88,3,5,42,95,43,45,94,71,2,106,44,41,108,53,96,67,107,29,52,15,38,105,13,74,4,111,34,98,9,73,84,100,68,112,97,109,75,72,55,28
121,23,61,8,31,49,87,48,12,32,115,81,117,60,59,110,58,15,65,64,7,21,24,83,90,120,82,50,56,35,113,78,125,62,20,124,85,36,63,111,27,114,17,19,26,6,46,106,57,79,9,99,101,45,74,77,44,1,70,3,103,51,118,80,86,54,88,76,73,69,5,116,102,122,10,72,52,68,84,96,13,108,91,34,66,107,22,47,67,93,18,119,89,95,92,42,109,43,41,4,16,97,2,28,94,53,71,75,25,29,33,55,37,30,98,38,112,14,11,39,123,105,104,100,40
121,23,61,50,49,8,31,110,115,87,120,35,21,125,117,48,37,32,24,12,82,47,90,58,78,101,65,60,7,25,118,89,39,59,56,99,57,81,88,80,124,122,27,30,77,22,38,85,83,1,102,64,103,45,17,26,18,113,67,63,6,79,20,34,11,36,74,69,15,66,73,86,104,123,5,92,46,76,70,40,19,29,114,119,106,9,16,109,107,33,62,52,14,54,98,84,116,13,108,42,93,91,53,3,96,10,105,95,41,4,112,2,51,75,44,100,68,43,71,94,111,28,97,55,72
121,23,61,51,8,115,87,110,31,120,56,12,90,78,54,35,117,65,124,47,21,7,80,118,60,64,83,82,17,62,32,79,58,20,59,102,48,101,70,24,81,57,114,15,18,77,113,37,50,67,86,88,11,122,25,46,66,103,73,22,49,63,76,99,89,36,85,43,40,123,91,30,39,104,119,107,92,53,26,5,19,3,6,14,38,42,93,44,71,96,45,4,16,108,68,55,106,9,125,27,111,97,74,29,52,1,116,13,41,10,2,100,33,94,98,95,75,109,105,69,112,34,28,84,72
121,23,52,61,115,8,110,35,31,120,87,90,102,21,58,82,24,12,47,14,1,59,9,111,45,18,78,53,105,26,103,112,60,40,13,32,39,38,7,118,64,30,98,123,101,80,96,11,25,43,122,124,114,33,81,113,104,65,4,93,86,89,83,94,19,22,92,6,15,44,95,69,16,74,54,2,77,91,10,3,20,17,76,36,119,88,55,37,42,63,5,46,68,97,116,56,66,67,28,79,51,29,57,72,108,107,62,106,70,117,27,73,109,85,41,75,100,84,48,50,99,71,49,34,125
23,121,61,53,8,31,110,115,120,35,87,90,78,117,12,64,57,43,59,114,60,58,65,122,124,15,80,118,101,32,2,54,51,123,102,112,7,81,55,83,104,52,24,13,82,89,72,25,103,96,116,79,98,88,47,20,74,11,91,41,106,113,119,70,21,56,18,86,75,48,17,97,26,63,77,76,14,9,92,1,28,62,42,107,111,16,19,71,67,69,27,5,33,85,105,4,6,94,3,73,84,108,36,95,50,30,29,68,45,99,93,37,100,38,40,46,49,10,39,66,34,109,44,22,125
121,23,61,54,115,31,110,8,87,120,51,65,90,12,78,35,64,7,124,117,58,80,82,101,47,118,17,62,60,79,114,59,57,18,21,83,102,70,32,56,20,48,24,63,92,86,77,113,11,81,85,15,67,37,91,43,50,103,88,19,26,46,30,25,39,122,5,16,76,22,93,89,33,123,66,6,119,42,3,107,36,104,53,71,38,2,41,111,108,95,96,4,10,99,1,69,73,94,14,106,44,125,27,29,68,45,9,97,74,100,109,112,98,49,75,116,13,105,40,28,55,52,34,84,72
23,121,61,8,31,115,110,55,120,87,35,65,32,78,57,18,7,82,60,117,47,24,118,102,103,101,90,124,64,12,56,68,17,81,58,20,15,83,80,70,13,89,44,100,77,59,122,98,21,111,54,2,113,27,86,114,19,40,1,75,97,71,104,53,63,66,123,76,41,109,39,96,42,62,16,25,88,91,51,119,6,11,93,22,106,79,26,3,10,116,36,67,30,5,9,107,99,84,92,52,105,112,74,43,85,95,29,4,38,37,49,94,108,28,46,14,72,69,33,34,48,45,50,73,125
23,121,56,61,31,115,110,57,8,120,87,35,21,117,90,78,64,82,32,124,118,65,83,122,79,80,62,47,7,24,101,60,81,55,17,100,58,27,12,51,11,103,74,77,104,20,71,102,86,54,25,63,106,70,99,18,66,76,3,46,16,49,88,39,48,40,22,5,36,26,73,89,72,30,113,15,38,107,59,114,119,92,85,44,108,4,13,33,69,1,109,116,28,19,67,111,42,123,97,9,96,53,91,10,14,41,75,50,112,68,94,93,29,98,43,6,2,37,95,52,125,105,84,45,34
121,57,23,61,56,110,31,115,120,8,87,90,78,64,35,82,47,79,118,124,80,117,32,62,83,65,81,101,122,17,19,24,60,7,11,58,103,51,77,18,27,50,30,71,25,119,16,102,20,104,113,46,100,66,107,12,5,22,63,55,26,88,54,39,40,86,123,36,92,3,74,76,73,85,99,48,109,49,89,108,106,4,29,44,21,13,114,59,14,116,1,67,15,10,33,70,38,42,53,91,75,111,9,28,45,98,112,94,96,41,6,43,105,68,84,72,95,2,97,93,34,69,52,37,125
58,23,121,61,115,8,31,110,120,87,59,60,35,12,90,47,82,7,18,102,21,117,24,1,91,101,25,118,32,103,39,3,78,80,40,14,11,124,96,85,119,65,33,41,6,98,95,22,105,93,9,113,37,57,15,122,38,30,109,44,62,56,52,45,104,27,53,71,17,64,4,89,116,81,111,19,97,74,68,92,36,123,20,114,43,13,99,42,86,69,63,79,83,75,16,5,94,106,28,51,26,88,100,112,2,77,54,66,46,107,108,10,55,76,67,70,72,49,29,73,48,84,34,125,50
59,23,121,61,115,8,110,120,87,12,35,90,31,15,58,82,60,78,102,80,24,96,25,98,18,47,11,10,119,21,22,9,3,113,91,114,32,41,38,19,42,30,118,52,111,105,7,109,79,13,33,103,117,6,62,116,40,43,92,93,26,97,81,45,74,1,14,77,75,101,124,39,4,108,57,16,20,53,94,86,83,95,36,88,104,64,37,27,54,2,28,44,123,112,85,122,56,89,65,17,68,34,107,5,76,72,55,46,29,63,100,51,69,73,106,49,48,66,99,71,67,50,70,84,125
60,23,121,61,8,31,115,110,87,120,35,47,78,82,24,7,59,12,18,32,124,57,58,65,89,56,90,117,85,101,103,118,40,55,102,64,122,80,39,77,114,81,91,17,20,13,116,62,41,83,21,76,10,98,119,30,36,74,38,28,68,113,75,109,44,51,3,15,93,111,9,96,14,100,107,52,25,97,22,71,27,63,19,6,26,33,42,1,43,105,53,54,37,2,94,11,86,5,95,108,88,67,104,16,72,69,45,123,106,99,66,4,50,73,112,29,92,79,70,34,46,84,48,49,125
61,121,23,8,115,110,35,31,87,120,122,78,64,82,60,101,32,81,90,48,118,58,124,117,7,44,83,12,65,77,57,70,17,102,20,123,26,89,59,18,30,36,50,63,56,49,39,15,62,46,22,43,21,88,34,45,76,79,74,24,103,27,67,47,80,69,116,66,73,5,55,16,86,53,40,106,114,14,107,109,37,108,33,105,4,84,2,19,91,54,100,3,112,119,52,85,28,99,93,29,113,68,72,51,92,97,42,95,13,94,10,104,75,1,38,41,6,96,111,71,98,11,25,9,125
23,121,61,8,62,115,110,87,120,31,35,90,64,32,78,47,36,59,79,18,102,7,58,124,65,12,48,103,57,81,101,118,122,24,117,17,45,88,39,113,60,82,80,89,40,86,63,20,114,25,38,33,55,70,93,77,22,19,27,119,3,56,107,30,123,116,11,10,16,68,26,92,91,76,5,54,6,42,67,1,66,83,95,21,111,13,9,51,2,69,44,94,106,85,4,53,37,96,41,43,52,100,71,104,14,105,50,112,108,34,15,28,99,97,29,75,73,49,109,84,98,46,74,125,72
23,121,63,61,8,31,110,115,120,87,35,117,64,78,82,12,65,24,7,90,32,47,18,77,124,60,83,118,59,58,20,101,102,80,103,6,15,122,17,81,21,57,25,22,114,86,76,36,40,39,56,119,91,5,70,113,30,116,13,41,3,33,43,11,67,9,89,1,27,42,93,79,123,92,75,14,29,88,111,68,105,96,85,108,19,66,10,54,55,84,52,16,94,38,53,74,100,112,104,71,26,106,97,49,62,107,34,2,44,95,98,51,46,4,72,109,50,37,99,28,48,73,69,125,45
121,23,61,64,87,115,8,110,31,120,90,12,35,7,78,80,60,47,59,58,118,65,82,70,24,25,124,20,63,81,83,117,18,86,62,79,22,88,102,101,32,17,48,57,113,103,114,19,50,38,74,93,16,36,122,15,54,26,42,56,1,4,89,5,27,2,44,30,91,68,111,55,53,116,85,3,33,92,77,11,95,94,67,107,10,106,43,39,123,99,100,109,6,29,40,119,76,66,14,104,69,98,49,41,13,105,9,96,73,112,75,97,52,46,51,108,37,84,71,45,21,28,72,125,34
23,65,121,61,8,110,120,31,87,115,32,117,7,35,12,58,60,64,124,78,24,18,118,90,83,17,81,114,59,77,47,101,80,51,63,62,82,103,20,122,36,76,21,91,89,93,102,113,3,2,5,84,74,4,55,6,37,30,85,69,57,22,119,40,66,11,16,92,48,27,15,79,73,19,71,94,107,56,95,42,26,10,13,86,116,67,96,44,75,112,106,39,108,54,100,33,97,1,38,104,88,14,99,68,41,53,111,29,43,45,70,123,9,34,109,28,105,98,52,25,46,49,50,72,125
23,121,66,61,8,110,31,115,120,87,65,78,35,124,64,90,83,82,7,117,118,60,101,57,32,12,81,47,63,58,17,20,18,77,59,103,113,86,25,88,80,85,24,56,22,106,26,122,36,104,54,89,76,30,40,73,99,67,44,5,48,119,27,69,116,29,39,114,109,37,16,51,97,3,10,21,46,4,71,70,79,62,19,102,49,92,112,91,15,45,55,123,53,11,50,94,100,93,108,43,33,107,72,96,41,1,13,95,2,84,42,28,14,74,34,75,38,111,52,68,6,9,105,98,125
121,23,61,67,115,8,31,110,120,35,87,70,12,58,82,65,117,101,78,60,90,59,7,21,69,47,83,32,24,118,62,124,80,81,64,15,18,50,20,88,44,63,25,114,74,30,113,27,85,36,6,19,22,42,86,77,17,46,49,104,57,5,37,16,103,93,102,122,119,66,92,26,51,91,29,56,79,106,54,95,89,43,53,3,34,4,99,10,11,40,2,39,111,76,1,14,45,84,109,116,52,97,33,9,107,13,41,96,73,68,75,28,108,94,98,112,100,48,71,105,55,38,123,125,72
68,23,121,61,8,115,110,87,31,120,40,102,35,111,39,90,18,1,7,32,60,58,47,12,105,117,78,9,82,118,77,52,14,10,64,124,21,122,101,65,80,116,2,104,19,24,15,13,114,42,36,89,41,3,17,93,96,11,16,54,91,113,59,55,75,81,53,98,95,62,119,123,43,94,37,4,103,5,79,112,57,26,33,44,22,76,88,56,25,85,66,27,86,30,97,83,6,92,67,106,69,51,100,29,20,38,107,71,74,34,48,63,46,108,99,28,84,109,50,72,45,70,49,73,125
69,121,61,23,8,31,87,115,110,120,35,47,58,90,12,67,118,77,65,124,70,101,32,7,78,64,81,15,17,57,122,60,18,59,20,56,66,49,63,48,74,36,82,86,37,6,88,43,26,42,73,16,27,83,103,113,44,2,52,104,114,99,45,91,89,107,41,111,119,5,40,106,62,93,71,9,13,116,30,34,4,96,55,53,29,3,76,80,100,50,95,102,123,84,46,33,1,28,54,117,97,10,19,105,92,51,94,11,68,112,72,75,14,24,79,108,85,98,109,125,39,38,21,25,22
23,121,70,61,8,31,110,87,115,120,64,90,117,21,24,83,35,62,47,56,67,59,78,82,88,65,49,85,32,39,81,12,58,48,7,73,86,63,103,60,89,80,118,25,18,51,124,37,102,22,40,57,114,99,45,113,27,119,15,104,69,36,122,76,11,101,5,4,116,106,53,17,2,95,77,43,92,6,3,66,16,13,42,91,34,79,111,44,94,107,10,9,75,46,93,52,112,26,30,14,108,125,97,41,74,96,123,50,29,1,19,33,38,55,20,105,98,109,28,84,71,100,54,72,68
121,23,61,31,71,115,110,8,120,87,56,57,117,35,78,21,65,100,64,18,118,83,24,32,62,101,47,81,124,74,60,103,55,76,7,20,90,89,19,63,17,12,16,11,13,113,77,102,80,51,3,75,58,119,43,88,114,54,79,86,66,109,27,39,28,26,5,91,53,29,106,99,40,15,107,59,82,116,49,9,123,25,4,72,30,22,37,98,96,112,122,108,111,92,69,95,68,104,10,44,2,85,93,41,1,105,33,36,38,42,6,14,67,45,48,50,97,46,84,94,52,70,73,125,34
23,121,72,61,8,31,115,110,120,87,28,117,35,56,29,24,82,101,118,57,47,83,100,78,81,21,122,60,103,7,73,32,124,12,80,58,76,77,65,20,90,64,97,99,43,18,112,63,107,25,89,51,86,22,85,106,75,53,66,114,17,105,48,30,92,88,113,102,116,104,119,74,41,45,79,36,91,4,26,62,39,59,109,13,3,19,123,71,14,5,108,40,44,50,98,37,55,6,27,46,33,49,94,11,9,84,34,10,111,2,52,96,42,95,54,38,68,93,16,1,15,70,67,125,69
121,23,61,31,8,73,87,110,120,49,117,82,90,35,115,21,24,48,37,39,25,58,47,114,12,65,125,32,83,59,70,101,64,50,60,56,40,7,46,69,113,85,43,22,118,78,20,77,57,99,30,104,67,124,88,44,27,18,6,86,102,63,122,45,92,89,76,103,42,53,107,62,19,33,80,1,51,38,72,81,36,97,116,106,54,4,17,119,84,66,74,5,93,26,10,29,2,3,41,34,14,111,71,91,98,28,52,95,16,109,112,9,123,105,79,13,94,15,68,96,108,11,100,75,55
121,23,74,61,8,31,110,120,115,87,82,24,12,117,56,78,90,58,47,65,83,15,35,64,20,59,81,101,60,124,7,118,17,49,18,25,57,80,22,6,11,32,114,113,21,85,36,39,5,77,103,38,40,111,76,37,9,71,119,67,102,123,63,99,14,98,122,94,45,27,41,43,62,100,19,3,79,4,88,86,30,42,105,125,48,96,66,51,46,50,106,13,10,109,108,73,53,28,75,97,116,1,33,16,55,91,44,54,104,89,107,70,29,26,68,2,52,112,95,92,93,69,72,84,34
75,23,121,61,8,110,31,115,120,35,87,117,116,13,24,122,32,82,57,12,53,102,7,118,60,90,78,101,41,56,86,89,104,96,103,59,64,124,65,30,18,47,97,55,88,83,77,123,81,84,25,58,43,76,113,71,112,63,114,15,22,28,106,62,29,20,74,17,100,72,33,119,92,109,5,9,3,80,4,73,19,21,85,66,52,27,111,107,54,79,36,68,95,14,37,40,26,99,108,6,2,42,51,16,91,39,11,105,93,98,38,10,67,34,69,94,70,44,46,1,48,50,49,45,125
23,121,76,61,31,8,110,120,115,87,35,117,47,64,101,24,78,86,32,60,58,82,65,118,83,7,12,103,81,21,77,124,74,63,88,85,59,20,57,84,3,80,5,119,109,17,37,18,30,25,90,29,22,102,95,106,91,113,39,4,28,27,26,108,99,100,40,94,114,62,11,56,19,92,51,104,112,89,36,79,13,122,97,41,116,15,55,53,43,107,75,54,93,42,72,14,44,71,2,45,49,46,48,67,33,123,16,10,6,38,111,96,9,34,50,105,1,66,70,52,98,73,68,69,125
77,23,121,61,8,115,31,110,87,120,35,78,60,32,18,82,12,47,7,65,118,57,124,101,103,122,36,80,25,81,90,64,22,56,15,24,59,30,83,17,91,93,76,2,113,89,70,58,10,40,114,97,104,88,48,71,108,20,3,66,62,39,55,119,19,95,5,43,44,21,102,117,75,26,63,41,112,68,37,16,67,29,86,33,11,111,72,51,100,9,92,14,42,123,6,85,4,116,13,54,106,46,74,105,28,69,99,79,34,94,52,73,53,96,38,84,107,98,27,1,109,50,49,45,125
121,23,61,87,115,78,110,31,8,120,79,80,82,12,35,124,90,60,47,118,59,117,65,64,58,32,83,77,17,101,54,113,114,15,48,11,102,25,81,39,63,7,57,56,103,40,18,20,89,123,50,91,92,43,6,37,4,21,62,16,30,42,22,109,10,26,66,86,88,76,104,96,46,19,74,33,111,5,106,122,119,24,53,67,44,36,95,97,70,2,68,107,100,1,3,13,93,99,52,71,98,69,55,108,49,94,41,27,51,38,14,112,45,29,85,75,73,9,84,116,105,72,34,28,125
121,23,61,79,115,8,87,31,110,90,120,78,65,36,57,80,64,59,47,35,117,24,118,32,58,60,20,48,12,83,18,101,39,40,62,43,124,92,102,113,7,56,81,21,17,22,82,93,114,50,86,91,77,37,103,16,4,15,46,74,54,85,30,42,89,63,19,49,70,11,109,10,69,88,94,122,26,51,68,53,95,104,66,3,76,99,119,123,29,71,5,97,1,96,52,108,67,27,33,6,107,100,44,111,98,9,2,14,116,72,106,41,75,125,25,45,38,13,105,73,34,112,28,55,84
23,121,80,61,115,87,120,110,8,31,12,64,78,35,82,60,25,59,22,77,58,65,7,32,90,81,11,15,48,18,57,24,47,124,21,102,20,30,117,118,91,79,101,17,93,26,42,103,83,119,114,94,123,19,95,10,38,1,16,111,44,88,86,27,104,92,2,3,66,97,36,62,39,9,4,85,98,122,5,33,113,14,109,6,68,76,54,105,45,96,108,63,52,116,74,41,46,40,99,100,69,89,29,43,13,67,37,56,106,50,107,53,75,55,71,34,51,112,49,73,72,28,84,70,125
23,121,61,81,120,87,115,8,110,31,82,12,90,59,83,24,64,118,35,48,117,78,80,58,32,15,113,60,124,11,7,57,101,19,114,16,18,36,26,62,22,88,65,25,42,47,77,5,86,119,17,30,92,102,79,95,3,20,93,123,27,50,46,49,4,91,103,94,6,1,104,21,10,56,45,99,44,14,63,54,38,89,66,29,40,41,39,76,108,52,122,2,9,107,69,33,43,116,106,85,67,109,96,51,53,74,105,37,111,13,98,71,97,75,112,34,100,68,70,55,84,28,72,125,73
23,121,61,115,82,8,120,87,110,31,90,22,24,25,117,12,81,58,35,78,59,47,83,15,80,32,60,118,7,124,57,113,64,65,18,101,21,102,114,37,30,79,46,85,11,88,50,20,36,77,86,17,38,62,39,5,92,42,103,104,54,33,40,93,1,19,119,108,111,49,56,44,3,63,29,74,6,26,91,45,16,123,95,14,10,9,122,96,51,94,105,52,43,41,48,89,98,4,66,2,67,70,53,76,68,116,13,75,97,107,100,71,106,99,109,112,73,55,27,84,72,28,125,34,69
23,121,83,61,110,120,8,115,31,87,24,81,82,12,118,117,90,35,59,78,124,64,48,7,57,17,101,85,65,60,113,119,58,20,47,114,15,80,88,25,32,49,21,92,26,86,62,5,16,19,27,22,79,103,42,95,102,56,123,77,91,4,18,11,30,93,76,36,74,10,3,41,6,67,43,94,106,108,63,104,109,37,29,51,122,70,54,111,53,46,71,66,50,2,100,116,40,89,97,14,96,44,38,39,52,1,107,13,9,75,45,112,105,98,69,99,68,55,34,125,33,72,84,28,73
23,121,84,61,8,110,31,120,115,87,117,35,83,24,118,124,58,12,64,90,78,32,60,65,7,76,103,82,101,57,17,119,59,88,21,63,77,27,86,5,47,80,20,74,107,81,106,122,114,62,15,6,36,116,102,26,18,53,49,92,48,89,43,45,70,112,3,79,109,51,100,25,85,75,104,67,113,4,11,95,108,30,41,16,66,97,22,9,71,13,54,50,91,72,29,44,10,56,37,19,40,2,69,111,96,123,42,55,34,93,33,73,94,14,52,1,46,39,99,68,98,105,38,28,125
23,121,85,61,8,115,24,120,117,110,31,87,82,21,25,90,12,22,47,37,59,58,35,49,64,81,78,83,39,32,80,60,101,38,40,46,50,102,70,7,77,118,18,57,124,1,15,20,65,125,67,73,74,44,88,52,113,103,63,114,36,17,86,5,62,45,56,48,98,30,79,111,41,119,19,96,4,14,26,105,109,122,92,89,76,11,93,6,33,108,95,3,106,51,2,94,66,91,16,104,68,75,54,53,71,10,116,29,13,43,107,123,42,112,100,27,84,97,99,28,55,9,72,34,69
23,121,86,61,88,8,115,110,87,120,31,64,78,35,90,58,32,82,114,117,124,24,65,36,18,62,81,83,12,118,7,17,57,20,103,101,48,76,60,102,19,80,113,59,119,29,63,16,38,122,68,77,53,30,5,91,1,47,54,4,25,26,89,104,11,116,79,111,21,27,13,3,6,123,94,95,93,66,56,42,37,14,40,85,92,33,105,41,55,49,15,100,44,52,9,51,96,106,112,108,107,84,75,98,28,69,71,2,97,39,109,70,10,46,43,74,50,72,67,99,34,22,45,73,125
87,23,121,61,115,8,110,31,120,24,82,35,12,65,90,78,60,47,59,7,83,58,64,32,25,122,81,22,56,124,21,101,49,37,39,102,20,77,33,18,80,40,62,70,113,57,118,15,11,36,88,74,103,86,73,38,27,92,26,114,17,48,42,14,46,117,67,89,19,99,1,44,104,107,76,63,54,123,93,30,10,3,119,68,4,94,95,111,91,2,16,84,116,79,5,105,29,6,96,97,13,9,112,100,52,41,125,51,108,34,106,109,55,66,45,28,69,75,98,71,53,85,43,50,72
88,23,121,61,8,86,110,120,115,31,87,64,35,78,90,32,65,62,117,12,24,124,58,18,80,81,114,36,82,118,57,103,101,59,19,83,47,48,7,17,20,76,102,60,119,16,26,77,113,11,30,85,95,5,93,91,122,38,22,94,10,104,29,2,123,54,6,68,53,111,27,3,79,63,15,56,66,4,109,116,89,13,108,21,14,37,1,33,25,92,42,44,9,51,96,105,106,41,43,46,52,107,55,70,112,100,40,84,75,71,98,49,97,69,45,39,34,50,74,67,72,28,99,73,125
89,23,61,121,8,110,31,120,87,115,35,60,7,12,88,124,90,82,32,118,122,19,78,65,81,77,18,64,70,57,103,17,13,43,99,27,101,66,62,123,59,20,47,45,86,58,69,15,10,40,41,48,75,102,24,79,100,28,117,114,76,83,53,37,2,63,112,5,68,39,36,113,16,30,67,55,6,29,26,72,74,14,44,71,95,106,104,92,56,54,91,119,116,52,96,107,80,46,93,33,3,25,97,34,85,84,4,42,73,21,11,94,1,22,108,105,109,50,9,49,51,111,38,98,125
90,23,121,61,8,115,87,110,120,31,47,24,35,12,82,80,32,58,102,65,83,78,39,59,40,7,64,117,62,15,48,89,81,124,113,38,118,49,18,11,111,79,60,88,1,20,86,25,57,33,14,101,56,37,74,19,17,68,36,70,103,30,53,26,77,114,63,10,43,123,9,52,4,16,116,104,93,105,22,42,95,98,119,99,51,2,91,21,6,122,3,41,54,94,5,50,13,96,29,85,97,112,27,108,44,92,106,100,75,76,66,72,55,46,45,107,109,28,69,71,67,125,34,84,73
23,121,91,61,8,115,110,120,31,87,57,59,35,78,60,90,7,58,18,24,124,118,65,64,101,82,19,32,80,77,81,6,17,93,117,16,36,95,79,12,47,97,119,83,92,62,94,11,26,102,3,42,10,15,2,114,88,76,5,86,30,20,103,21,25,54,29,4,123,51,113,74,122,40,104,41,70,63,9,111,22,106,66,56,43,44,52,39,53,98,107,1,96,38,89,14,105,68,75,67,85,55,116,28,100,33,109,37,108,13,99,72,27,46,71,112,84,48,69,50,49,45,34,73,125
121,23,115,61,8,92,87,110,120,31,12,90,59,35,78,24,82,60,117,25,65,83,22,58,118,50,101,11,93,7,113,80,57,124,64,81,47,32,91,26,18,62,42,6,15,77,88,17,85,56,30,16,2,4,97,48,104,46,21,103,54,20,73,114,36,51,119,95,102,3,76,94,5,86,123,37,109,39,27,45,40,52,10,19,79,125,43,108,53,99,122,29,107,44,1,49,63,74,96,66,111,71,33,106,14,38,69,67,89,116,9,13,98,55,41,75,112,34,68,105,100,70,72,28,84
23,93,115,121,61,8,110,120,87,31,95,12,65,35,94,58,57,59,18,82,7,78,90,118,77,64,32,60,101,19,91,80,81,11,2,92,62,16,47,24,124,88,26,10,102,17,4,30,113,42,104,86,36,15,103,25,111,122,6,3,40,48,20,114,1,5,89,44,83,66,79,27,38,117,14,45,119,22,67,123,37,9,29,39,68,63,54,108,76,13,96,41,97,52,105,106,69,112,33,75,109,53,99,116,43,107,50,74,70,98,34,55,85,46,56,51,73,100,21,28,49,84,71,72,125
94,23,115,121,61,8,110,120,31,93,12,35,87,95,82,102,14,90,7,32,101,21,18,9,58,47,91,2,111,65,4,81,78,64,113,118,59,92,11,77,15,88,26,80,122,60,123,124,104,25,22,40,19,96,38,24,86,30,16,13,6,5,103,3,85,117,41,52,112,48,53,20,42,75,17,33,119,62,105,108,10,116,29,1,44,39,79,68,36,89,99,43,97,37,66,34,63,114,83,76,45,57,106,70,56,54,27,74,67,98,100,107,72,55,28,46,109,71,84,50,51,69,49,73,125
23,121,61,95,115,8,110,120,87,31,93,12,35,59,90,94,18,118,32,58,78,10,7,65,11,19,60,82,91,64,2,80,30,81,122,42,119,88,101,16,26,102,62,4,79,77,111,86,36,3,103,6,124,29,14,5,15,9,24,96,17,123,104,92,47,113,40,25,43,1,114,52,112,63,41,38,48,53,22,116,44,89,75,39,105,13,68,97,20,66,33,83,108,54,117,106,69,37,50,45,98,67,76,85,27,57,34,55,70,107,109,28,46,74,73,100,56,51,21,99,72,84,71,49,125
23,96,121,61,8,115,110,120,31,35,14,102,87,21,103,12,117,82,9,52,47,7,59,116,24,90,32,78,13,26,57,124,58,18,92,75,60,81,41,80,15,25,65,118,101,64,112,53,44,89,105,95,30,122,104,42,98,38,114,40,54,1,77,113,83,111,88,86,17,94,10,2,43,76,3,91,39,68,33,4,5,119,85,19,56,20,6,74,66,63,97,123,11,22,107,55,29,93,51,62,28,16,108,106,36,73,45,72,69,100,79,37,109,27,71,46,99,48,67,50,70,49,84,34,125
23,121,61,8,31,115,110,97,87,120,78,35,117,59,24,60,90,7,101,12,114,56,65,58,18,83,32,82,118,77,81,6,124,64,100,20,74,57,19,91,47,36,106,17,43,80,122,103,10,26,104,51,21,76,28,54,63,55,72,30,25,3,53,95,41,16,22,113,99,119,73,5,40,71,93,4,123,108,9,13,2,111,92,109,15,94,46,69,86,96,66,88,27,116,107,68,42,89,102,52,75,105,33,29,79,62,98,1,11,39,85,14,37,112,84,50,38,70,48,45,67,44,49,34,125
98,23,61,121,115,8,35,110,31,40,102,87,120,39,12,15,38,47,90,1,59,105,78,56,60,7,82,32,58,33,111,41,9,117,18,25,114,14,65,57,80,26,103,11,44,124,55,3,6,64,97,83,68,45,101,74,91,81,118,77,24,93,50,48,96,89,52,43,30,95,99,123,116,34,51,100,75,104,113,2,122,53,17,22,86,36,42,79,63,106,76,13,92,62,20,69,5,119,16,28,94,71,73,107,54,109,37,88,27,10,112,67,19,72,66,85,108,29,46,4,70,49,21,84,125
121,99,23,61,31,8,110,87,115,120,35,59,90,122,101,12,58,57,65,89,27,82,117,24,60,48,77,44,78,1,118,70,45,96,81,64,56,83,52,124,72,32,49,63,47,15,67,5,107,80,50,102,113,40,76,109,7,20,17,69,114,116,103,73,53,123,106,18,13,26,6,62,111,108,93,66,104,11,25,68,92,71,36,9,112,21,54,97,43,33,51,79,75,94,119,85,14,91,55,22,46,37,38,41,4,105,88,39,19,74,30,95,29,100,10,84,2,3,86,98,16,34,125,28,42
23,100,121,61,8,115,110,31,120,87,72,122,56,35,82,78,117,32,28,7,118,90,77,97,24,18,103,102,12,57,124,64,65,89,112,116,58,81,60,83,47,101,19,59,40,55,86,17,71,105,63,113,13,14,43,76,68,66,80,104,74,88,75,99,62,119,2,79,36,20,39,16,5,15,25,9,53,95,41,10,27,91,52,29,22,21,26,93,3,6,106,54,11,30,114,109,107,84,123,4,92,85,96,108,33,111,42,51,44,46,1,69,48,67,98,37,38,70,94,34,50,45,49,73,125
23,121,101,31,61,8,110,120,115,35,87,117,32,118,82,57,64,59,56,78,12,124,5,90,81,60,24,83,58,65,7,47,80,26,17,74,92,88,119,18,30,86,21,76,114,95,25,93,62,20,91,63,3,85,97,113,43,27,16,103,71,54,104,22,102,122,70,51,94,39,107,116,11,29,77,44,123,42,50,67,66,109,4,108,15,52,89,36,45,79,72,73,33,1,28,10,106,53,75,49,40,19,48,46,69,14,112,6,99,9,34,111,41,13,96,37,38,55,68,100,2,105,84,98,125
102,23,121,61,115,8,110,31,87,120,68,47,35,15,58,1,111,12,118,32,65,7,60,59,82,77,18,14,56,78,52,9,101,80,30,90,44,45,105,98,42,46,39,33,81,88,26,124,40,86,2,117,17,123,69,103,19,48,24,16,37,13,89,75,116,50,122,96,64,53,11,36,114,10,41,76,92,57,27,93,4,113,38,95,20,21,112,83,55,3,5,6,91,79,62,63,66,71,54,49,97,94,100,51,25,22,29,108,119,72,74,104,73,28,85,106,43,99,84,67,107,109,125,34,70
23,121,103,61,110,31,8,120,87,115,60,90,35,65,24,58,82,117,78,7,32,124,12,57,64,59,18,118,47,77,101,122,80,83,63,20,76,17,81,86,102,112,84,56,119,6,100,88,85,89,62,113,104,74,21,30,22,25,27,26,3,109,71,28,116,5,54,91,36,55,11,42,106,4,53,95,114,105,19,14,37,16,66,33,97,94,75,51,44,108,1,40,41,29,43,92,79,123,13,15,93,2,38,39,107,99,10,72,45,52,46,67,68,111,9,98,96,49,50,48,70,69,34,125,73
121,23,104,61,31,8,115,110,120,87,35,101,90,78,57,58,60,124,59,32,77,118,18,15,26,47,82,56,123,12,81,64,51,103,19,54,80,17,102,88,95,6,43,53,86,5,114,42,65,4,94,79,37,92,122,83,119,16,89,14,20,7,91,99,116,40,41,11,1,111,113,97,13,27,9,2,75,36,10,76,30,52,63,62,112,3,39,109,93,22,107,105,29,24,106,66,108,117,100,68,98,34,28,72,69,96,46,50,71,67,49,70,55,38,33,44,21,48,85,25,84,125,74,45,73
105,23,121,61,8,115,9,12,110,120,35,31,21,1,102,14,59,111,15,40,87,38,18,98,60,82,58,52,39,6,2,7,93,91,80,11,117,90,116,19,26,78,94,68,95,44,36,124,123,41,81,32,96,33,103,10,101,13,114,30,34,43,75,86,97,89,118,104,57,122,42,83,65,112,100,92,3,77,53,47,55,88,20,48,113,17,71,64,22,74,51,119,16,56,37,54,24,72,76,106,85,27,4,25,62,5,66,107,28,108,99,79,109,63,29,67,46,70,69,45,50,49,84,73,125
121,23,106,61,110,31,8,120,115,87,35,117,83,118,82,78,12,64,21,60,90,124,58,101,81,59,57,7,56,30,47,32,18,65,76,88,80,17,114,20,27,103,86,113,24,49,26,108,109,62,77,4,85,122,22,107,79,5,73,63,16,29,119,102,25,116,92,37,15,36,97,43,41,74,28,123,71,19,3,42,89,75,91,100,11,50,84,112,10,13,51,39,6,104,53,67,93,99,33,69,72,95,48,44,2,34,40,54,52,9,46,55,96,14,98,68,111,66,94,70,45,105,38,1,125
23,121,107,61,110,8,31,120,87,115,35,90,60,64,82,12,7,124,118,83,58,57,78,81,65,56,101,76,20,63,47,59,80,32,17,88,24,25,22,108,106,122,48,113,30,27,15,49,103,18,114,86,92,119,117,62,77,51,89,79,71,26,70,6,36,29,11,91,42,74,97,33,28,5,37,116,50,3,4,41,75,45,123,67,84,21,72,16,109,19,100,13,34,43,95,102,69,53,10,54,66,112,55,85,44,73,99,93,104,9,2,40,39,52,14,111,96,94,105,1,38,46,98,68,125
23,121,108,61,110,8,31,115,120,87,35,82,12,30,59,60,83,101,25,118,90,24,22,78,7,56,124,106,47,81,32,117,64,80,63,20,103,65,18,57,58,15,5,102,17,113,88,119,6,3,77,75,114,26,33,86,62,89,21,76,122,109,107,42,79,95,37,91,27,41,40,112,39,99,4,116,104,34,36,16,97,28,92,10,13,71,19,85,74,53,93,11,72,84,66,9,67,44,46,2,29,111,14,100,105,69,123,98,54,43,50,55,51,52,96,94,48,70,73,49,68,38,1,45,125
121,23,61,109,110,8,120,115,87,35,31,59,58,12,64,117,62,24,78,108,65,81,88,32,90,118,56,82,30,103,7,49,124,80,101,27,48,37,86,57,74,18,83,41,47,107,119,6,114,60,5,28,122,34,21,43,4,63,76,3,26,116,17,99,15,113,102,44,53,16,13,106,95,79,33,14,96,112,11,20,97,89,92,36,25,72,29,22,100,10,46,93,73,104,111,67,54,94,42,91,40,9,55,45,51,19,2,1,75,77,66,71,85,123,52,84,98,50,69,39,68,105,70,38,125
110,23,121,61,8,120,115,87,31,12,82,35,90,118,78,7,124,59,64,117,81,106,25,60,57,83,65,58,30,32,17,80,24,101,15,18,113,88,108,22,103,47,119,5,114,11,27,62,56,77,76,85,63,6,20,29,16,3,21,4,86,42,36,92,94,122,102,79,26,41,19,116,107,91,95,37,93,75,10,54,89,43,13,40,39,53,123,33,112,67,71,74,66,97,46,2,9,111,14,109,38,44,96,73,51,70,52,100,48,72,104,105,50,98,55,68,49,69,1,99,28,84,34,45,125
23,111,121,8,115,61,110,21,35,102,120,14,31,38,87,9,15,40,68,12,1,90,117,82,52,105,39,26,24,123,122,116,58,64,78,7,32,44,33,59,30,98,65,60,118,18,93,114,81,80,101,2,104,13,124,11,34,77,103,96,41,112,113,48,22,75,3,37,10,4,91,86,55,42,83,17,25,20,16,62,47,36,92,88,94,108,66,85,89,53,63,6,54,79,46,19,69,95,5,29,43,119,51,74,57,67,27,76,56,97,106,70,109,107,99,100,45,50,28,72,84,71,49,73,125
112,23,121,61,110,8,115,120,31,87,35,103,116,75,13,60,114,32,118,24,78,52,58,82,90,65,86,81,14,18,59,9,122,7,29,64,80,101,124,89,77,84,88,102,55,95,119,96,66,54,76,26,63,74,6,51,4,57,20,113,17,62,117,100,43,28,53,56,38,47,92,93,15,104,94,42,3,71,111,5,12,27,106,68,30,72,40,83,98,123,16,39,105,33,19,99,36,97,91,41,107,10,1,79,37,22,85,109,67,25,70,2,34,108,11,44,48,46,21,49,69,50,45,73,125
113,23,121,61,120,115,110,8,12,82,31,87,59,90,81,11,22,35,118,58,25,15,64,57,95,32,16,30,24,18,101,78,36,114,92,83,80,47,4,119,7,93,94,124,42,77,88,123,60,6,86,111,5,10,26,50,19,3,43,48,65,46,79,91,2,1,33,52,37,102,38,9,17,62,21,104,54,40,117,96,20,27,14,56,108,122,103,39,29,85,44,67,63,66,41,106,53,70,51,105,68,89,116,97,107,13,74,69,112,99,98,76,75,71,49,34,109,100,84,55,45,72,73,125,28
23,121,114,61,8,115,120,110,87,31,90,12,65,35,78,7,80,64,59,58,118,81,124,24,15,56,32,18,82,22,17,60,57,117,25,83,62,48,113,101,11,20,102,51,16,6,19,42,91,54,77,79,30,1,93,10,86,2,38,97,36,95,53,123,3,47,119,74,43,111,98,104,67,122,41,88,40,103,33,94,26,46,92,14,9,4,27,37,63,5,106,52,50,105,68,89,69,107,29,96,55,21,39,116,13,66,108,76,100,75,70,49,85,99,112,109,44,28,45,71,34,72,84,73,125
115,23,121,61,120,110,8,87,46,31,93,35,65,2,82,59,90,64,58,102,32,12,77,15,18,11,118,60,52,78,21,111,94,80,25,24,96,101,95,14,81,16,40,123,26,124,30,47,1,10,113,36,19,9,68,4,91,103,38,17,6,42,39,122,104,57,92,44,105,117,22,48,20,3,86,29,67,7,33,88,62,89,37,114,54,66,83,13,5,116,112,41,119,108,63,50,74,79,98,75,85,71,76,53,51,34,107,69,43,97,45,56,100,106,55,109,27,72,99,70,84,49,28,73,125
116,121,23,61,110,31,8,35,115,120,87,112,75,90,14,118,122,41,103,7,26,52,12,65,82,53,101,64,78,60,81,96,57,123,86,124,104,32,58,88,102,56,59,28,72,100,30,2,89,107,84,4,43,15,80,9,97,18,106,77,42,113,33,29,3,22,20,114,76,36,111,54,63,94,92,16,17,13,34,5,67,62,19,91,105,83,108,66,71,11,109,119,40,95,55,117,10,6,39,25,98,69,27,47,74,51,79,93,68,99,48,38,44,37,46,50,24,70,49,21,1,85,45,73,125
23,121,117,61,31,24,8,110,115,120,87,21,35,82,56,47,25,78,39,85,37,101,90,83,72,12,57,64,28,22,60,20,40,49,65,32,58,80,76,81,45,114,100,106,109,124,7,102,77,63,103,70,113,119,97,79,107,59,75,118,29,33,46,18,108,50,104,55,62,48,112,30,89,13,41,111,15,9,43,11,74,17,84,86,88,6,5,53,92,52,91,42,4,73,122,3,10,94,96,68,95,2,36,93,54,38,26,14,67,16,116,19,66,44,123,71,51,1,98,125,105,27,99,34,69
23,118,121,61,110,31,8,120,115,12,82,90,87,7,124,78,17,81,83,35,60,101,64,58,18,57,32,20,65,113,80,16,26,11,119,88,5,114,22,95,36,15,42,19,30,62,91,59,86,3,89,37,117,106,27,24,92,10,93,77,47,76,25,109,63,103,48,50,79,123,56,29,6,4,102,122,66,67,108,69,94,99,71,107,21,54,43,104,52,100,49,45,53,97,44,2,74,46,70,111,9,85,14,51,38,84,34,40,112,13,41,68,39,105,116,28,98,96,1,55,75,72,33,125,73
23,119,121,61,8,120,110,115,31,87,12,59,35,90,7,64,82,118,58,78,65,101,124,60,57,103,32,3,114,81,80,24,113,18,95,10,6,91,15,26,83,17,41,11,86,47,5,88,62,21,16,92,53,117,42,76,94,89,102,93,71,63,13,96,109,43,116,97,14,122,2,100,30,52,74,19,20,77,25,123,4,9,111,108,85,40,79,54,104,56,38,67,1,106,105,27,107,29,51,112,75,39,66,37,55,44,22,98,28,45,33,68,99,72,36,70,46,48,49,50,34,84,69,73,125
120,23,121,61,110,115,8,12,82,113,31,59,118,81,24,87,58,90,35,25,15,119,78,22,32,83,18,7,6,57,5,114,47,124,16,11,60,64,101,80,117,88,102,86,42,30,77,19,4,95,92,17,3,41,103,65,36,93,94,91,21,9,10,1,48,26,85,20,40,123,38,96,79,39,14,29,108,111,44,33,116,122,104,2,52,37,46,62,54,43,105,76,56,74,53,13,63,89,75,68,98,27,106,66,112,67,71,109,97,50,49,107,51,100,69,45,55,70,72,99,34,28,73,84,125
121,23,49,50,8,125,110,31,87,120,117,48,35,61,21,12,82,25,58,24,47,115,81,83,60,15,118,22,59,65,7,18,85,40,30,38,113,56,39,64,46,32,20,33,116,78,101,6,114,70,111,90,36,124,80,62,103,76,106,9,37,57,99,63,27,79,17,3,77,102,97,122,88,86,89,100,26,44,66,119,84,11,104,5,123,13,29,68,45,19,1,91,105,52,10,14,112,34,108,109,72,16,75,96,93,2,41,69,28,94,73,54,95,67,107,42,71,55,74,53,92,98,43,51,4
122,61,23,121,8,110,115,31,120,35,87,7,65,78,82,118,60,124,116,81,58,90,32,123,103,77,89,57,47,36,17,54,64,18,2,24,41,59,56,80,113,12,100,83,63,76,101,117,28,62,51,43,53,33,84,86,30,88,106,20,5,10,91,75,107,42,1,26,114,111,52,79,71,34,66,9,102,19,16,3,119,97,39,95,13,27,11,46,40,104,108,25,4,67,72,44,68,112,45,29,6,21,37,14,92,74,69,70,22,15,38,98,93,55,85,50,99,96,49,105,48,109,94,73,125
123,23,121,61,115,8,110,120,31,35,12,87,90,80,59,78,64,11,7,101,2,15,122,118,102,24,82,65,60,124,89,58,18,81,113,32,77,54,93,111,57,88,19,86,47,20,26,114,4,42,103,83,17,116,91,48,5,33,30,43,62,95,52,36,16,51,9,14,6,10,27,1,3,67,79,29,53,119,70,25,94,56,41,112,38,68,117,99,66,97,105,71,92,13,37,76,98,96,28,39,107,74,104,106,109,46,63,108,50,22,34,75,44,69,40,55,100,84,85,49,72,21,45,125,73
23,121,61,124,8,110,120,87,115,31,78,17,7,64,90,12,24,83,118,60,82,65,58,35,117,32,81,80,59,77,18,20,114,101,57,113,25,88,79,15,22,54,86,103,51,119,48,63,19,47,91,11,62,109,76,102,21,123,5,10,6,16,30,36,85,66,92,104,26,89,3,95,55,122,1,94,74,42,93,71,13,2,107,116,4,106,75,9,100,111,67,68,50,99,38,53,52,41,29,14,56,40,70,27,112,43,108,69,33,98,105,39,97,28,96,84,37,49,45,44,46,72,34,73,125
121,23,125,49,8,31,110,50,21,46,87,120,117,35,24,47,61,48,12,82,58,25,83,15,118,65,60,39,81,59,37,20,7,56,22,30,115,40,85,122,18,89,70,27,111,76,116,38,90,6,36,9,78,113,114,63,32,33,64,124,103,73,106,57,119,101,80,13,34,88,86,1,79,67,26,62,100,77,5,84,3,96,11,17,112,44,66,69,108,123,19,93,16,52,29,95,99,68,104,75,102,2,91,10,41,45,53,94,74,4,71,42,14,43,105,28,51,72,109,107,92,54,97,55,98
